sample_id,source_path,source_format,species,concentration_ppmv,temperature_c,path_length_cm,is_sparse_class,split,quality_flags
724ef33314b0dd27d35eb35b37bf4d4b3970b602,"spc_files/B-99 (   20.00ppm, 5.11m, 190C).spc",spc,Biodiesel,20.0,190.0,511.0,True,staging,
b73b0bcfc209d01066cb8513809403e833c449a2,"spc_files/B-99 (  100.00ppm, 5.11m, 190C).spc",spc,Biodiesel,100.0,190.0,511.0,True,staging,
ac8cafce4df8193ad8a16509e123a20212774166,"spc_files/B-99 (  200.00ppm, 5.11m, 190C).spc",spc,Biodiesel,200.0,190.0,511.0,True,staging,
91fa823e7ba0dc49197c6cd3aec788731c081529,"spc_files/B-99 (  500.00ppm, 5.11m, 190C).spc",spc,Biodiesel,500.0,190.0,511.0,True,staging,
a4876bfaeba7c749117922e9140fa974afcc2d89,"spc_files/Ethylene (   9.74ppm, 5.11m, 190C).spc",spc,C2H4,9.74,190.0,511.0,False,train,
d0ce6f359a2b47684f2557b8813e54da621a1dc1,"spc_files/Ethylene (  19.49ppm, 5.11m, 190C).spc",spc,C2H4,19.49,190.0,511.0,False,test,
be1d41a022b60e5a43c431e8d7135dd8e992d4bf,"spc_files/Ethylene (  29.23ppm, 5.11m, 190C).spc",spc,C2H4,29.23,190.0,511.0,False,val,
5d35026a26968806bdc7bb3592577fe75e184a50,"spc_files/Ethylene (  300.00ppm, 5.11m, 190C).spc",spc,C2H4,300.0,190.0,511.0,False,train,
b861507221eeaa7cc51dd2b6e351f898f953ea6e,"spc_files/Ethylene (  38.98ppm, 5.11m, 190C).spc",spc,C2H4,38.98,190.0,511.0,False,val,
1db946593384df612cc326cbdc3bcc72092668e7,"spc_files/Ethylene (  48.72ppm, 5.11m, 190C).spc",spc,C2H4,48.72,190.0,511.0,False,train,
871b254249fcabc6e3a9a4c9b520a9a14a91c062,"spc_files/Ethylene (  58.46ppm, 5.11m, 190C).spc",spc,C2H4,58.46,190.0,511.0,False,train,
9da2d3ea8d538f47c63d5627a6b5f2fbbccd4518,"spc_files/Ethylene (  600.00ppm, 5.11m, 190C).spc",spc,C2H4,600.0,190.0,511.0,False,train,
63913b6cfe49dcd860c3a4df5c443ed9f54f2606,"spc_files/Ethylene (  68.21ppm, 5.11m, 190C).spc",spc,C2H4,68.21,190.0,511.0,False,test,
fceebaeef233f26fcc6033216d62e836a0049fd1,"spc_files/Ethylene (  77.95ppm, 5.11m, 190C).spc",spc,C2H4,77.95,190.0,511.0,False,train,
74e31c4af15d1f477e3468e7118b6347aa9d25f1,"spc_files/Ethylene (  87.70ppm, 5.11m, 190C).spc",spc,C2H4,87.7,190.0,511.0,False,train,
84844539d83aa8b32905963b1a25c3a2adb862b9,"spc_files/Ethylene (  900.00ppm, 5.11m, 190C).spc",spc,C2H4,900.0,190.0,511.0,False,train,
1a4302be0e3b87f6c4e264f631057df228010086,"spc_files/Ethylene (  97.44ppm, 5.11m, 190C).spc",spc,C2H4,97.44,190.0,511.0,False,train,
14c558b28fbd2ef88066d9562f5bf549714bb5ad,"spc_files/Ethylene ( 1200.00ppm, 5.11m, 190C).spc",spc,C2H4,1200.0,190.0,511.0,False,test,
b04c2a3272bfacf33dab4f7fa5ef76c8543b6149,"spc_files/Ethylene ( 1500.00ppm, 5.11m, 190C).spc",spc,C2H4,1500.0,190.0,511.0,False,train,
22da7fbb75136f2345c10df78f54a05059146be1,"spc_files/Ethylene ( 1800.00ppm, 5.11m, 190C).spc",spc,C2H4,1800.0,190.0,511.0,False,train,
808270c674bebd912eb1b78b1c30c7b3429cd8a0,"spc_files/Ethylene ( 2100.00ppm, 5.11m, 190C).spc",spc,C2H4,2100.0,190.0,511.0,False,train,
7ea8c0fe313066da78329d2ecb9f0080aa59597a,"spc_files/Ethylene ( 2400.00ppm, 5.11m, 190C).spc",spc,C2H4,2400.0,190.0,511.0,False,val,
d84394df8a008c8d19e735f0ff411c2ab4b4dbd2,"spc_files/Ethylene ( 2700.00ppm, 5.11m, 190C).spc",spc,C2H4,2700.0,190.0,511.0,False,train,
bcc0668d8bfc02289140f94992812d40b19b967d,"spc_files/Ethylene ( 3000.00ppm, 5.11m, 190C).spc",spc,C2H4,3000.0,190.0,511.0,False,train,
9387bf4e4ba9f841e3145c3c1875126822a90844,spc_files/Ethane (100.31 ppm 191c 0.5cm-1 MNB) 0.25mm abs bc.spc,spc,C2H6,100.31,191.0,511.0,False,train,
b3a160940f52b54a2f7e9bc49d55a47386c91d98,spc_files/Ethane (1000 ppm 191c 0.5cm-1 MNB) 0.25mm abs bc.spc,spc,C2H6,1000.0,191.0,511.0,False,train,
20f8ab278f2347a1028372068b64c63267466e9b,spc_files/Ethane (150.74 ppm 191c 0.5cm-1 MNB) 0.25mm abs bc.spc,spc,C2H6,150.74,191.0,511.0,False,val,
dd9cb046416a7ca3fb4068f08a28951464693375,spc_files/Ethane (200 ppm 191c 0.5cm-1 MNB) 0.25mm abs bc.spc,spc,C2H6,200.0,191.0,511.0,False,test,
17e7c0d13e8f262600a033f52957c59a1cf2b468,spc_files/Ethane (250.94 ppm 191c 0.5cm-1 MNB) 0.25mm abs bc.spc,spc,C2H6,250.94,191.0,511.0,False,train,
baa15eedd703fcddc9d44731507a6dbb12e78612,spc_files/Ethane (300.7 ppm 191c 0.5cm-1 MNB) 0.25mm abs bc.spc,spc,C2H6,300.7,191.0,511.0,False,train,
7233d1cadf686988fc76986ed9da9714d56b644d,spc_files/Ethane (350.65 ppm 191c 0.5cm-1 MNB) 0.25mm abs bc.spc,spc,C2H6,350.65,191.0,511.0,False,train,
fc6ee51aeb5811a8cb9d47572fb6614c59d0ff37,spc_files/Ethane (400.48 ppm 191c 0.5cm-1 MNB) 0.25mm abs bc.spc,spc,C2H6,400.48,191.0,511.0,False,train,
220daf22391cefc4997d88bbd228e357eb597b51,spc_files/Ethane (450.55 ppm 191c 0.5cm-1 MNB) 0.25mm abs bc.spc,spc,C2H6,450.55,191.0,511.0,False,train,
cd9b4747367876030994f5ff805945e9c099729b,spc_files/Ethane (500 ppm 191c 0.5cm-1 MNB) 0.25mm abs bc.spc,spc,C2H6,500.0,191.0,511.0,False,train,
cf92ca787215407729ee4bbf8e5bd4addd93aaab,spc_files/Ethane (550.56 ppm 191c 0.5cm-1 MNB) 0.25mm abs bc.spc,spc,C2H6,550.56,191.0,511.0,False,val,
c771433d6c7f822e4b0d11e1a62a8f0c50e0a1ba,spc_files/Ethane (600 ppm 191c 0.5cm-1 MNB) 0.25mm abs bc.spc,spc,C2H6,600.0,191.0,511.0,False,train,
58fd670939ec6f7bc16f95ae29b43fa4637525ec,spc_files/Ethane (650.35 ppm 191c 0.5cm-1 MNB) 0.25mm abs bc.spc,spc,C2H6,650.35,191.0,511.0,False,train,
dba55a2181472099179b103156d852876f41affc,spc_files/Ethane (700.6 ppm 191c 0.5cm-1 MNB) 0.25mm abs bc.spc,spc,C2H6,700.6,191.0,511.0,False,test,
a97cfaf5783c1b09a3830c4f0e776628670defab,spc_files/Ethane (750 ppm 191c 0.5cm-1 MNB) 0.25mm abs bc.spc,spc,C2H6,750.0,191.0,511.0,False,train,
cda30775535524aa58cb97b8195baaa0f5e47ed4,spc_files/Ethane (800 ppm 191c 0.5cm-1 MNB) 0.25mm abs bc.spc,spc,C2H6,800.0,191.0,511.0,False,val,
45e9cd47f244213120e4592cb3506d90a6ed722c,spc_files/Ethane (850 ppm 191c 0.5cm-1 MNB) 0.25mm abs bc.spc,spc,C2H6,850.0,191.0,511.0,False,train,
19a099bfa02ba74b7d4a00487037b5cc7b5f98d2,spc_files/Ethane (900 ppm 191c 0.5cm-1 MNB) 0.25mm abs bc.spc,spc,C2H6,900.0,191.0,511.0,False,test,
19c56d70d3347457eb3e737228ba47543beaaf46,spc_files/Ethane (950 ppm 191c 0.5cm-1 MNB) 0.25mm abs bc.spc,spc,C2H6,950.0,191.0,511.0,False,train,
4d727ae1b2ea5d77206e572ba2b05169ce74a0f2,"spc_files/Ethanol (0.02%, 5.11m, 191C).spc",spc,C2H6O,200.0,191.0,511.0,False,test,
8121ac84b1bc522f9497ae94ecf64d1637291b46,"spc_files/Ethanol (0.05%, 5.11m, 191C).spc",spc,C2H6O,500.0,191.0,511.0,False,train,
b064c66afde8e4b27211555915a7ac08ff5d6bbe,"spc_files/Ethanol (0.1%, 5.11m, 191C).spc",spc,C2H6O,1000.0,191.0,511.0,False,train,
f428b913c32b88ab0f67ca32f9415603423707ed,"spc_files/Ethanol (0.2%, 5.11m, 191C).spc",spc,C2H6O,2000.0,191.0,511.0,False,train,
16dca5ec998801dd13f512a842cc101fec28184d,"spc_files/Ethanol (0.5%, 5.11m, 191C).spc",spc,C2H6O,5000.0,191.0,511.0,False,test,
96fd6f67a5e7385d389acaefd61ae4dd56558af7,"spc_files/Ethanol (1.0%, 5.11m, 191C).spc",spc,C2H6O,10000.0,191.0,511.0,False,train,
bfd91c791b460a2ad72a26fd628431fad81a60de,"spc_files/Ethanol (10000ppm, 5.11m, 191C).spc",spc,C2H6O,10000.0,191.0,511.0,False,train,
0c3ce859e0e88312f825e953c2a50cba55208662,"spc_files/Ethanol (1000ppm, 5.11m, 191C).spc",spc,C2H6O,1000.0,191.0,511.0,False,val,
47c9d5c474065aa868daabe04a8b9d392f02f0d3,"spc_files/Ethanol (100ppm, 5.11m, 191C).spc",spc,C2H6O,100.0,191.0,511.0,False,train,
426abe791bcf50bc48998529a04c3e4744898ab9,"spc_files/Ethanol (2000ppm, 5.11m, 191C).spc",spc,C2H6O,2000.0,191.0,511.0,False,train,
a929e7965aa3996c392ac284b3633d175ad9ad14,"spc_files/Ethanol (200ppm, 5.11m, 191C).spc",spc,C2H6O,200.0,191.0,511.0,False,val,
86e65a1c554f9979f81fa3d92311bd7a662183fd,"spc_files/Ethanol (5000ppm, 5.11m, 191C).spc",spc,C2H6O,5000.0,191.0,511.0,False,train,
f8b1e5027c711c849d5b7c787362a8d2812f2eb6,"spc_files/Ethanol (500ppm, 5.11m, 191C).spc",spc,C2H6O,500.0,191.0,511.0,False,train,
d3405e8c0f18a9e921713b961ee030fc83202f0d,"spc_files/CH4 (  0.2%, 5.11m, 190C).spc",spc,CH4,2000.0,190.0,511.0,False,train,
51b85268157734b1aea80b8a935ca182eca190b8,"spc_files/CH4 (  0.4%, 5.11m, 190C).spc",spc,CH4,4000.0,190.0,511.0,False,test,
b8b23d2a25bbe5f89f5d3c0aad8b3b93d08b2683,"spc_files/CH4 (  0.6%, 5.11m, 190C).spc",spc,CH4,6000.0,190.0,511.0,False,train,
0ae6ae80bc17a8fabff8d836e4145977a422b68a,"spc_files/CH4 (  0.8%, 5.11m, 190C).spc",spc,CH4,8000.0,190.0,511.0,False,train,
ee2d83360c0937a3177128389af537bb93dac104,"spc_files/CH4 (  2000.00ppm, 5.11m, 190C).spc",spc,CH4,2000.0,190.0,511.0,False,train,
4323d44ce2c3e84b813172de125676184a97e09a,"spc_files/CH4 (  4000.00ppm, 5.11m, 190C).spc",spc,CH4,4000.0,190.0,511.0,False,train,
b9545ca5a1c46fa0c000007f17314f8d3c0f0d38,"spc_files/CH4 (  6000.00ppm, 5.11m, 190C).spc",spc,CH4,6000.0,190.0,511.0,False,train,
7b80d55d3b3c91a3f93028c85002f079abdbbd6a,"spc_files/CH4 (  8000.00ppm, 5.11m, 190C).spc",spc,CH4,8000.0,190.0,511.0,False,train,
094afe4384d2d12173aca3b4619637a8736b0f18,"spc_files/CH4 ( 10000.00ppm, 5.11m, 190C).spc",spc,CH4,10000.0,190.0,511.0,False,train,
7f73ed53a5c6ed615af2428eeb4ad0b8e827e571,"spc_files/CH4 ( 12000.00ppm, 5.11m, 190C).spc",spc,CH4,12000.0,190.0,511.0,False,train,
38d196133913b7c7074d3276175b8f6ab6efd3d6,"spc_files/CH4 ( 14000.00ppm, 5.11m, 190C).spc",spc,CH4,14000.0,190.0,511.0,False,val,
d5b91dd8d7676b07b53a56023c458f4fd2ff89c2,"spc_files/CH4 ( 16000.00ppm, 5.11m, 190C).spc",spc,CH4,16000.0,190.0,511.0,False,train,
fb7b50ba40ba8a8082944cfe45cb39770822547a,"spc_files/CH4 ( 18000.00ppm, 5.11m, 190C).spc",spc,CH4,18000.0,190.0,511.0,False,train,
96258437974def34eba1a5914e3aed5fa2b5ce79,"spc_files/CH4 ( 20000.00ppm, 5.11m, 190C).spc",spc,CH4,20000.0,190.0,511.0,False,train,
8ca204c8d7d707f75240424a78b08a1b91753816,"spc_files/CH4 (0.002425%, 5.11m, 191C).spc",spc,CH4,24.25,191.0,511.0,False,train,
d64d3f3ff45939666d9816024ab22ae67b7f07d9,"spc_files/CH4 (0.003395%, 5.11m, 191C).spc",spc,CH4,33.95,191.0,511.0,False,train,
7dacd713f9e892ea4cd80d6bd2fa83458e45659d,"spc_files/CH4 (0.004365%, 5.11m, 191C).spc",spc,CH4,43.65,191.0,511.0,False,train,
52101f37825874dcdd206140ba3fe5346d77d241,"spc_files/CH4 (0.005335%, 5.11m, 191C).spc",spc,CH4,53.35,191.0,511.0,False,test,
18c5c97a40d8098abf010127d5e4221b7bb45108,"spc_files/CH4 (0.00679%, 5.11m, 191C).spc",spc,CH4,67.9,191.0,511.0,False,train,
87d2b1ec51b3206345715902b6a8903927af29e5,"spc_files/CH4 (0.00776%, 5.11m, 191C).spc",spc,CH4,77.60000000000001,191.0,511.0,False,train,
4069016c00dff1bcd556f818671735a3111aa020,"spc_files/CH4 (0.00873%, 5.11m, 191C).spc",spc,CH4,87.3,191.0,511.0,False,train,
a5c7c4bef1dd9c74421ccb800d7265c6a256c879,"spc_files/CH4 (0.0097%, 5.11m, 191C).spc",spc,CH4,97.0,191.0,511.0,False,val,
12753f7f7094f8d8db26193a94d7058f5dfd9f7f,"spc_files/CH4 (0.01164%, 5.11m, 191C).spc",spc,CH4,116.39999999999999,191.0,511.0,False,val,
b7ba8fbb646af9088b18d15b402d9ba2cb52413d,"spc_files/CH4 (0.01358%, 5.11m, 191C).spc",spc,CH4,135.8,191.0,511.0,False,val,
bbd520b5d137d184c3a520e20ab0d9d95f257ac8,"spc_files/CH4 (0.01552%, 5.11m, 191C).spc",spc,CH4,155.20000000000002,191.0,511.0,False,train,
c4ff8e52d414ae626c9a3786276a3fa00d4dab5d,"spc_files/CH4 (0.01746%, 5.11m, 191C).spc",spc,CH4,174.6,191.0,511.0,False,train,
043fa03b83437502bc7278bc4e7954ae77d9cc54,"spc_files/CH4 (0.0194%, 5.11m, 191C).spc",spc,CH4,194.0,191.0,511.0,False,val,
dec771614972160db957f4cf7464755e387b14fa,"spc_files/CH4 (0.02134%, 5.11m, 191C).spc",spc,CH4,213.4,191.0,511.0,False,train,
9682ef618a9d8afa51ce74da735f8779c2f7805c,"spc_files/CH4 (0.02328%, 5.11m, 191C).spc",spc,CH4,232.79999999999998,191.0,511.0,False,train,
c33940bcf161427dac65ba9dbe12e8365f381683,"spc_files/CH4 (0.02522, 5.11m, 191C).spc",spc,CH4,0.02522,191.0,511.0,False,val,
aeffb374250c19b445474e8d2ce4b65e5babbfbb,"spc_files/CH4 (0.02716, 5.11m, 191C).spc",spc,CH4,0.02716,191.0,511.0,False,train,
acfb2d60c76bc50ef947c65ab1e202f99f136510,"spc_files/CH4 (0.029003%, 5.11m, 191C).spc",spc,CH4,290.03000000000003,191.0,511.0,False,test,
afed45fb5670645f57bb64301836e198bdfbef37,"spc_files/CH4 (0.03395%, 5.11m, 191C).spc",spc,CH4,339.5,191.0,511.0,False,train,
bce2f0a444ec112aad994de4920ea2a8b8f28210,"spc_files/CH4 (0.04365%, 5.11m, 191C).spc",spc,CH4,436.5,191.0,511.0,False,train,
7c2875253648b02740d54295b672db5fb99c589f,"spc_files/CH4 (0.0582%, 5.11m, 191C).spc",spc,CH4,582.0,191.0,511.0,False,test,
d96a7d6c8676d328e4599eec3c8377ad5e1fa826,"spc_files/CH4 (0.0679%, 5.11m, 191C).spc",spc,CH4,679.0,191.0,511.0,False,train,
d2cd90d671e29ceb4040194203b1531468bec4e6,"spc_files/CH4 (0.0776%, 5.11m, 191C).spc",spc,CH4,776.0,191.0,511.0,False,train,
8fbe4fcbddd72e508c88246c52d1918fd3f4eb99,"spc_files/CH4 (0.0873%, 5.11m, 191C).spc",spc,CH4,873.0,191.0,511.0,False,train,
973cd15ddcd87c6c42dcae62172d4604490071f4,"spc_files/CH4 (0.0970%, 5.11m, 191C).spc",spc,CH4,970.0,191.0,511.0,False,train,
c7124d5e25bf718fe1ca005b476e8d03a7973b65,"spc_files/CH4 (0.1164%, 5.11m, 191C).spc",spc,CH4,1164.0,191.0,511.0,False,test,
902059bdfa3f285e31f75a76b4a308ee8cd6a1dc,"spc_files/CH4 (0.1940%, 5.11m, 191C).spc",spc,CH4,1940.0,191.0,511.0,False,test,
18524736be0b51ec08f56f0b0e9a4eb6475bbcea,"spc_files/CH4 (0.2134%, 5.11m, 191C).spc",spc,CH4,2134.0,191.0,511.0,False,test,
9200ea6d7da6c19f5b6021809cc783d1f5b63a90,"spc_files/CH4 (0.2328%, 5.11m, 191C).spc",spc,CH4,2328.0,191.0,511.0,False,test,
c7443359cee1996e582641ac1cb8620d35991281,"spc_files/CH4 (0.2522%, 5.11m, 191C).spc",spc,CH4,2522.0,191.0,511.0,False,train,
54e03b4d3e966b0d5886c0a8fd73e85725337fe5,"spc_files/CH4 (0.2716%, 5.11m, 191C).spc",spc,CH4,2716.0,191.0,511.0,False,train,
88556f7c84051bdfded84e8cded24ccca29e74ad,"spc_files/CH4 (0.29003%, 5.11m, 191C).spc",spc,CH4,2900.3,191.0,511.0,False,train,
f4388e2ecd207799b73e0ebba4f6c32a353cc1a0,"spc_files/CH4 (116.4 ppm, 5.11m, 191C).spc",spc,CH4,116.4,191.0,511.0,False,train,
56c3941f6d0baf3fea0dd660585edad7cfdcd96c,"spc_files/CH4 (1164 ppm, 5.11m, 191C).spc",spc,CH4,1164.0,191.0,511.0,False,train,
624a919073685a628f2aa40bfe3ef2d0b629b117,"spc_files/CH4 (135.8 ppm, 5.11m, 191C).spc",spc,CH4,135.8,191.0,511.0,False,train,
c17762ecfecfc8f9f5f47a443f7aefedf6492665,"spc_files/CH4 (1358 ppm, 5.11m, 191C).spc",spc,CH4,1358.0,191.0,511.0,False,val,
43ef3bfd72840a83d0b1adf0135c2efe0ce4b7ee,"spc_files/CH4 (14.55 ppm, 5.11m, 191C).spc",spc,CH4,14.55,191.0,511.0,False,train,
179d32799785b2a177c1b4d73535293b08aa29b3,"spc_files/CH4 (155.2 ppm, 5.11m, 191C).spc",spc,CH4,155.2,191.0,511.0,False,train,
cddc0006eff338465f28a5a6ebfade25c48332ab,"spc_files/CH4 (1552 ppm, 5.11m, 191C).spc",spc,CH4,1552.0,191.0,511.0,False,train,
d878b67ae54cdb34cc8557125c5958c28d58a211,"spc_files/CH4 (174.6 ppm, 5.11m, 191C).spc",spc,CH4,174.6,191.0,511.0,False,test,
7103fee76e11bdbfb523c373275de3f4ccfef514,"spc_files/CH4 (1746 ppm, 5.11m, 191C).spc",spc,CH4,1746.0,191.0,511.0,False,train,
7d6f3094faa63255948c6d589bf0cba437a6f6a7,"spc_files/CH4 (194 ppm, 5.11m, 191C).spc",spc,CH4,194.0,191.0,511.0,False,test,
9e31443755c54627435450ad37e238cbdc5826b7,"spc_files/CH4 (1940 ppm, 5.11m, 191C).spc",spc,CH4,1940.0,191.0,511.0,False,train,
1f4ea5ddb473ee7c124066aa3fbd90b66ac036e9,"spc_files/CH4 (213.4 ppm, 5.11m, 191C).spc",spc,CH4,213.4,191.0,511.0,False,test,
0707df89d232678d0915352bf32fb32f014d1a77,"spc_files/CH4 (2134 ppm, 5.11m, 191C).spc",spc,CH4,2134.0,191.0,511.0,False,train,
75f5bea7d5338e2fa8a0ef0e54f9a513797c11db,"spc_files/CH4 (218.25 ppm, 5.11m, 191C).spc",spc,CH4,218.25,191.0,511.0,False,val,
d769ff0f6a8fc49b81ab4f05611a18f2f414b4a2,"spc_files/CH4 (2182.5 ppm, 5.11m, 191C).spc",spc,CH4,2182.5,191.0,511.0,False,train,
cc0bf30c1560e038aa90b1ddc7df2a73baddbdc6,"spc_files/CH4 (232.8 ppm, 5.11m, 191C).spc",spc,CH4,232.8,191.0,511.0,False,train,
516469e6996a5ecc86d248677d5f0faed2bd1676,"spc_files/CH4 (2328 ppm, 5.11m, 191C).spc",spc,CH4,2328.0,191.0,511.0,False,train,
3c3d937f0a719f5d88d5fad54140cdcfc733e7cc,"spc_files/CH4 (24.25 ppm, 5.11m, 191C).spc",spc,CH4,24.25,191.0,511.0,False,test,
c6470ec8a5458e560cf26dbc3001eb3b1009f4cd,"spc_files/CH4 (242.5 ppm, 5.11m, 191C).spc",spc,CH4,242.5,191.0,511.0,False,train,
de9155c2b467baab0d39292f0a304876de2aa15a,"spc_files/CH4 (252.2 ppm, 5.11m, 191C).spc",spc,CH4,252.2,191.0,511.0,False,val,
491b83768015b7412881a709fd6cdedbb80b4183,"spc_files/CH4 (2522 ppm, 5.11m, 191C).spc",spc,CH4,2522.0,191.0,511.0,False,train,
da16014cec2bf6f5ee737b5db21da6d2480bb356,"spc_files/CH4 (271.6 ppm, 5.11m, 191C).spc",spc,CH4,271.6,191.0,511.0,False,train,
611f09a8a1df5c9a435f37aefd0f0416d911f91c,"spc_files/CH4 (2716 ppm, 5.11m, 191C).spc",spc,CH4,2716.0,191.0,511.0,False,train,
63071ed1a63a3e617ecc52b44f604701f1db1167,"spc_files/CH4 (290.03 ppm, 5.11m, 191C).spc",spc,CH4,290.03,191.0,511.0,False,test,
43028d03a25f10bb34b5913f862ce7261c926cb3,"spc_files/CH4 (2900.3 ppm, 5.11m, 191C).spc",spc,CH4,2900.3,191.0,511.0,False,train,
41226a5e512fb251113fb73e1fce585b6a5ff510,"spc_files/CH4 (33.95 ppm, 5.11m, 191C).spc",spc,CH4,33.95,191.0,511.0,False,val,
063fb4d1d7462ab49df4a9731da6f2e8ba9a73dc,"spc_files/CH4 (339.5 ppm, 5.11m, 191C).spc",spc,CH4,339.5,191.0,511.0,False,train,
9bf1cb684edf3c51c2c382a79048c3366f3869cd,"spc_files/CH4 (43.65 ppm, 5.11m, 191C).spc",spc,CH4,43.65,191.0,511.0,False,train,
52f7d2fcce4774870c4ef4ddd6af5f1d8b4d97b0,"spc_files/CH4 (436.5 ppm, 5.11m, 191C).spc",spc,CH4,436.5,191.0,511.0,False,val,
2351aabd8867ca20d15f3fa9013924ab11027062,"spc_files/CH4 (53.35 ppm, 5.11m, 191C).spc",spc,CH4,53.35,191.0,511.0,False,train,
c0a0b57d92425422195ffabbe8a92abc1eaaa2c5,"spc_files/CH4 (58.2 ppm, 5.11m, 191C).spc",spc,CH4,58.2,191.0,511.0,False,test,
5ae242b78f551937cc022294b23545fffb0a866c,"spc_files/CH4 (582 ppm, 5.11m, 191C).spc",spc,CH4,582.0,191.0,511.0,False,train,
0883cef1f8a081d67e82823cd68924b82afc0790,"spc_files/CH4 (63.05 ppm, 5.11m, 191C).spc",spc,CH4,63.05,191.0,511.0,False,train,
197b1e24fe19a7437044f10d7d6d959befb5a8cb,"spc_files/CH4 (67.9 ppm, 5.11m, 191C).spc",spc,CH4,67.9,191.0,511.0,False,train,
b0226e0fed07d54fff9ab36f5b885450f2cd460f,"spc_files/CH4 (67.9b ppm, 5.11m, 191C).spc",spc,CH4,67.9,191.0,511.0,False,test,
092789d4adbac1df0b9de311d6ca554e70c5ee60,"spc_files/CH4 (679 ppm, 5.11m, 191C).spc",spc,CH4,679.0,191.0,511.0,False,train,
36c84c22fbfaa0cc93ba939ee483175f968a2019,"spc_files/CH4 (77.6 ppm, 5.11m, 191C).spc",spc,CH4,77.6,191.0,511.0,False,val,
032d10ba8259735942f871c82213972c02e43f83,"spc_files/CH4 (776 ppm, 5.11m, 191C).spc",spc,CH4,776.0,191.0,511.0,False,train,
e49f6fa8940ac189c5641c617c4899aafe1bd1d4,"spc_files/CH4 (87.3 ppm, 5.11m, 191C).spc",spc,CH4,87.3,191.0,511.0,False,train,
46efa4287f6e209e8f7048f607d7897ebd591b05,"spc_files/CH4 (873 ppm, 5.11m, 191C).spc",spc,CH4,873.0,191.0,511.0,False,val,
c347d5f7c65b580398dec7fec42c036f880723c0,"spc_files/CH4 (97 ppm, 5.11m, 191C).spc",spc,CH4,97.0,191.0,511.0,False,val,
8440dbfd07979dfef6ce69ebb9bd45f9ed900dc6,"spc_files/CH4 (970 ppm, 5.11m, 191C).spc",spc,CH4,970.0,191.0,511.0,False,train,
d591b5668a226bdf77d95a3bc0c579ea489332b8,"spc_files/CH4% ( 1.084 % adj, 5.11M, 0.5CM-1, 191C, MNB).spc",spc,CH4,10840.0,191.0,511.0,False,train,
1d5651f3121544fe295f993746d9ad74bb6b8bc4,"spc_files/CH4% ( 10 %, 5.11M, 0.5CM-1, 191C, MNB).spc",spc,CH4,100000.0,191.0,511.0,False,train,
d5e3b3b0604435a8da12d1170639972b7a17b6eb,"spc_files/CH4% ( 100000 ppm, 5.11M, 0.5CM-1, 191C, MNB).spc",spc,CH4,100000.0,191.0,511.0,False,train,
3fd3d2429db4665177c317e3b71a65d6a901db75,"spc_files/CH4% ( 10840 ppm adj, 5.11M, 0.5CM-1, 191C, MNB).spc",spc,CH4,10840.0,191.0,511.0,False,train,
bf950c2691d264b8e4cd7c0b51b0291a84bcc3d9,"spc_files/CH4% ( 2.065 % adj, 5.11M, 0.5CM-1, 191C, MNB).spc",spc,CH4,20650.0,191.0,511.0,False,train,
a22d8d783e7acd918ec80aed255c154c1904630f,"spc_files/CH4% ( 20650 ppm adj, 5.11M, 0.5CM-1, 191C, MNB).spc",spc,CH4,20650.0,191.0,511.0,False,train,
d354f7d1606a17e4b89a8887e9268e1ae465f139,"spc_files/CH4% ( 3 %, 5.11M, 0.5CM-1, 191C, MNB).spc",spc,CH4,30000.0,191.0,511.0,False,train,
93647518d6b9309aa4f29d5a36f9b25e51be70d5,"spc_files/CH4% ( 30000 ppm, 5.11M, 0.5CM-1, 191C, MNB).spc",spc,CH4,30000.0,191.0,511.0,False,train,
7167b05efdb5613bd5b5a2597dea237a98e2217f,"spc_files/CH4% ( 4 %, 5.11M, 0.5CM-1, 191C, MNB).spc",spc,CH4,40000.0,191.0,511.0,False,train,
b769d99154287ea8635adb610dd4e418277e013f,"spc_files/CH4% ( 40000 ppm, 5.11M, 0.5CM-1, 191C, MNB).spc",spc,CH4,40000.0,191.0,511.0,False,train,
ecbcd4896e19d6af80267347acf4a13d1ab2faf6,"spc_files/CH4% ( 5 %, 5.11M, 0.5CM-1, 191C, MNB).spc",spc,CH4,50000.0,191.0,511.0,False,train,
260bf08cd3c341bfc8501bcc2d1e9e445e37ad56,"spc_files/CH4% ( 50000 ppm, 5.11M, 0.5CM-1, 191C, MNB).spc",spc,CH4,50000.0,191.0,511.0,False,val,
2f832da027a4c29c3a36b7937ac7f08f2d0d1aa3,"spc_files/CH4% ( 6 %, 5.11M, 0.5CM-1, 191C, MNB).spc",spc,CH4,60000.0,191.0,511.0,False,train,
1a09edd65fd8122fd7f8448f7f895d6d65339384,"spc_files/CH4% ( 60000 ppm, 5.11M, 0.5CM-1, 191C, MNB).spc",spc,CH4,60000.0,191.0,511.0,False,train,
3fba7c3ce864dc0c68a76d69e463c7c94d11c81e,"spc_files/CH4% ( 7 %, 5.11M, 0.5CM-1, 191C, MNB).spc",spc,CH4,70000.0,191.0,511.0,False,train,
2947dfebdbb651dd766f274eb20a2491c2898871,"spc_files/CH4% ( 70000 ppm, 5.11M, 0.5CM-1, 191C, MNB).spc",spc,CH4,70000.0,191.0,511.0,False,train,
7eb3f8b44d09c76e9f89c80a0f33ee4fa6ca48c1,"spc_files/CH4% ( 8 %, 5.11M, 0.5CM-1, 191C, MNB).spc",spc,CH4,80000.0,191.0,511.0,False,val,
13156d17a1f64cbeb73cc0bf4d8940b95a5f733c,"spc_files/CH4% ( 80000 ppm, 5.11M, 0.5CM-1, 191C, MNB).spc",spc,CH4,80000.0,191.0,511.0,False,train,
8f09fd0294d33a1cac6503bfbab644942136d137,"spc_files/CH4% ( 9 %, 5.11M, 0.5CM-1, 191C, MNB).spc",spc,CH4,90000.0,191.0,511.0,False,test,
4ba7b571521177fba2edb1dadb7e9cb65d92f853,"spc_files/CH4% ( 90000 ppm, 5.11M, 0.5CM-1, 191C, MNB).spc",spc,CH4,90000.0,191.0,511.0,False,train,
d8ad9556da2e8c5466dce2f00e4f319db33262e7,"spc_files/CO (0.0114%, 5.11m, 191C) bc.spc",spc,CO,114.0,191.0,511.0,False,train,
3b689a20a7043d6578ed81215857e3eea2ebc067,"spc_files/CO (0.0133%, 5.11m, 191C) bc.spc",spc,CO,133.0,191.0,511.0,False,train,
7415c83250aba52bb49c66b8bcb0ea77e5073cea,"spc_files/CO (0.0152%, 5.11m, 191C) bc.spc",spc,CO,152.0,191.0,511.0,False,train,
bd0481306373fd15b62b3e2ce26ea73c73833963,"spc_files/CO (0.0171%, 5.11m, 191C) bc.spc",spc,CO,171.0,191.0,511.0,False,train,
4ac42be25fcf376eb57b2de15ca278fc11b7b3aa,"spc_files/CO (0.0190%, 5.11m, 191C) bc.spc",spc,CO,190.0,191.0,511.0,False,test,
0e39b0b0985d85216e4b349e93bc5e050c7bd3e8,"spc_files/CO (0.0228%, 5.11m, 191C) bc.spc",spc,CO,228.0,191.0,511.0,False,train,
0b7ac996eed38460b19ae116921249a0d493e158,"spc_files/CO (0.0266%, 5.11m, 191C) bc.spc",spc,CO,266.0,191.0,511.0,False,train,
87a27ecdfb999b168d66828802bf8bdd651f6412,"spc_files/CO (0.0343%, 5.11m, 191C) bc.spc",spc,CO,343.0,191.0,511.0,False,train,
d616202d20bdc51c508dd6624b343946d15fe904,"spc_files/CO (0.0381%, 5.11m, 191C) bc.spc",spc,CO,381.0,191.0,511.0,False,val,
1b026a1212e960a3de46e1af93618e2c7208c72a,"spc_files/CO (0.0419%, 5.11m, 191C) bc.spc",spc,CO,419.0,191.0,511.0,False,test,
473b472c5a4649f0428d3e17dd7ebe45c25afd88,"spc_files/CO (0.0457%, 5.11m, 191C) bc.spc",spc,CO,457.0,191.0,511.0,False,train,
43f4fc924c289502fdc9e5828e41ecb7b72cd509,"spc_files/CO (0.0475%, 5.11m, 191C) bc.spc",spc,CO,475.0,191.0,511.0,False,test,
435351abc45bfb3a323c77ef20f3b666709d8d37,"spc_files/CO (0.0495%, 5.11m, 191C) bc.spc",spc,CO,495.0,191.0,511.0,False,train,
dcc03cb61826abab8b7646bbdef5f731cffcf29b,"spc_files/CO (0.0533%, 5.11m, 191C) bc.spc",spc,CO,533.0,191.0,511.0,False,val,
3952bedc21ac623d73df0c30e74ba73f01b6aaab,"spc_files/CO (0.0571%, 5.11m, 191C) bc.spc",spc,CO,571.0,191.0,511.0,False,val,
96b4b715ca3c5225aa0853591beb4c812c6cd8e1,"spc_files/CO (0.0950%, 5.11m, 191C) bc.spc",spc,CO,950.0,191.0,511.0,False,train,
ce3dda9833b87ab2934d48a9e5abf7dfe6f00e07,"spc_files/CO (0.1425%, 5.11m, 191C) bc.spc",spc,CO,1424.9999999999998,191.0,511.0,False,train,
42184fcb7ad2f398467953bb2a58e6d4213f02dd,"spc_files/CO (0.1900%, 5.11m, 191C) bc.spc",spc,CO,1900.0,191.0,511.0,False,train,
8c36510180bd8181dcd9677dc60413bff02da5c0,"spc_files/CO (0.2375%, 5.11m, 191C) bc.spc",spc,CO,2375.0,191.0,511.0,False,val,
9f1e8dd40d461f5e72a7ed23a8c453171dc99b49,"spc_files/CO (0.2850%, 5.11m, 191C) bc.spc",spc,CO,2849.9999999999995,191.0,511.0,False,train,
cf3458630e9f9fe39fc9362d11524735632ccd44,"spc_files/CO (0.3325%, 5.11m, 191C) bc.spc",spc,CO,3325.0,191.0,511.0,False,val,
5624047efb5e3c27e7a9033e9cbf8e5a24da81d0,"spc_files/CO (0.4275%, 5.11m, 191C) bc.spc",spc,CO,4275.0,191.0,511.0,False,test,
c88f21e02052feafc49f05d33cf59643eda3529f,"spc_files/CO (0.4750%, 5.11m, 191C) bc.spc",spc,CO,4750.0,191.0,511.0,False,train,
7a139d86effa89caa8a4cf60925b8730afb417ba,"spc_files/CO (0.5700%, 5.11m, 191C) bc.spc",spc,CO,5699.999999999999,191.0,511.0,False,test,
7241a5ef9b279238895ff91a571fb3bc21adf770,"spc_files/CO (0.6650%, 5.11m, 191C) bc.spc",spc,CO,6650.0,191.0,511.0,False,train,
6e6822c2efa30c991b5f45323d09b03e1805ec7b,"spc_files/CO (0.7600%, 5.11m, 191C) bc.spc",spc,CO,7600.0,191.0,511.0,False,test,
a00851e5733ea5931b74c998536457a081f9a276,"spc_files/CO (0.8550%, 5.11m, 191C) bc.spc",spc,CO,8550.0,191.0,511.0,False,train,
7b3a2cac83259353b73e8e2a09196a48ca635ce9,"spc_files/CO (0.9500%, 5.11m, 191C) bc.spc",spc,CO,9500.0,191.0,511.0,False,train,
09559386f2c38b01692cb1bb4e3efedc236eb80d,"spc_files/CO (114ppm, 5.11m, 191C) bc.spc",spc,CO,114.0,191.0,511.0,False,train,
083f7174de14d91363127619df1140e2fcf6bf9f,"spc_files/CO (133ppm, 5.11m, 191C) bc.spc",spc,CO,133.0,191.0,511.0,False,test,
bd2ab6f56a44287a1014f039b0d7bfa40169003e,"spc_files/CO (1425ppm, 5.11m, 191C) bc.spc",spc,CO,1425.0,191.0,511.0,False,train,
b4fb89f9171b787fd4d5174540f6be33cca8475b,"spc_files/CO (152ppm, 5.11m, 191C) bc.spc",spc,CO,152.0,191.0,511.0,False,val,
5a42deec47d6b4acc5a190d1f220dad163554f70,"spc_files/CO (171ppm, 5.11m, 191C) bc.spc",spc,CO,171.0,191.0,511.0,False,train,
d17bdfd0df3e6bac9cc6948ec78b0f7bf34f8abb,"spc_files/CO (1900ppm, 5.11m, 191C) bc.spc",spc,CO,1900.0,191.0,511.0,False,val,
88f9f970eddb6891b07de3322f5e0b1d5fcba590,"spc_files/CO (190ppm, 5.11m, 191C) bc.spc",spc,CO,190.0,191.0,511.0,False,val,
7e5ca019dec3ada1562ca316130f3f34034ecbb0,"spc_files/CO (19ppm, 5.11m, 191C) bc.spc",spc,CO,19.0,191.0,511.0,False,train,
d3e023236644cc066a033db0f8f1e0bf991334b3,"spc_files/CO (228ppm, 5.11m, 191C) bc.spc",spc,CO,228.0,191.0,511.0,False,train,
7f3b00ceed96eaec1f589fa0f32aa525650cd597,"spc_files/CO (2375ppm, 5.11m, 191C) bc.spc",spc,CO,2375.0,191.0,511.0,False,val,
614b1ad529eb0e6fe7440c67de794cfd6f24dc06,"spc_files/CO (266ppm, 5.11m, 191C) bc.spc",spc,CO,266.0,191.0,511.0,False,train,
7de7e30a27050f28bcd23eba04d7f5669d8b7b8a,"spc_files/CO (2850ppm, 5.11m, 191C) bc.spc",spc,CO,2850.0,191.0,511.0,False,train,
adc9f11398d3fae7aee0547e2662ac08c3440f58,"spc_files/CO (3325ppm, 5.11m, 191C) bc.spc",spc,CO,3325.0,191.0,511.0,False,train,
606057f7cea52f860f695e3b505cef47fbdb6ead,"spc_files/CO (343ppm, 5.11m, 191C) bc.spc",spc,CO,343.0,191.0,511.0,False,test,
f1126ccef4a74021d83e9baa4eb5a2c8bbbc5957,"spc_files/CO (381ppm, 5.11m, 191C) bc.spc",spc,CO,381.0,191.0,511.0,False,train,
551c66b0a5312d862ce40ad62bc6ed4992bf2913,"spc_files/CO (38ppm, 5.11m, 191C) bc.spc",spc,CO,38.0,191.0,511.0,False,train,
59178c05763e836a01690ad2903fdb1281751e94,"spc_files/CO (419ppm, 5.11m, 191C) bc.spc",spc,CO,419.0,191.0,511.0,False,train,
7c34cae0d5dc22e7ac759a2a70b41253d3d98f9a,"spc_files/CO (4275ppm, 5.11m, 191C) bc.spc",spc,CO,4275.0,191.0,511.0,False,val,
f805c96056ccd48fd71972e64e55f36785c80bc5,"spc_files/CO (457ppm, 5.11m, 191C) bc.spc",spc,CO,457.0,191.0,511.0,False,train,
b645c38d88e9f000ceb3d99d58bfcf387b7fd8cc,"spc_files/CO (4750ppm, 5.11m, 191C) bc.spc",spc,CO,4750.0,191.0,511.0,False,train,
81626bdb0c0ccc1c6e668066788362543eaff4cb,"spc_files/CO (495ppm, 5.11m, 191C) bc.spc",spc,CO,495.0,191.0,511.0,False,train,
16c3d71d225e51ba60554f778d103ea98e2565bd,"spc_files/CO (533ppm, 5.11m, 191C) bc.spc",spc,CO,533.0,191.0,511.0,False,train,
8673e0b9081d09dc74aa565cf68e4bfec851230e,"spc_files/CO (5700ppm, 5.11m, 191C) bc.spc",spc,CO,5700.0,191.0,511.0,False,train,
ee350b8cb02a2e08adf1473343811c46a6012af8,"spc_files/CO (571ppm, 5.11m, 191C) bc.spc",spc,CO,571.0,191.0,511.0,False,train,
9df9dad9b95862246886ed49a5b745c855575e84,"spc_files/CO (57ppm, 5.11m, 191C) bc.spc",spc,CO,57.0,191.0,511.0,False,train,
fa80899881184033dda821e6cf7140d48dea0dea,"spc_files/CO (6650ppm, 5.11m, 191C) bc.spc",spc,CO,6650.0,191.0,511.0,False,train,
67562fee13c10377fb16638029e135782cc62249,"spc_files/CO (7600ppm, 5.11m, 191C) bc.spc",spc,CO,7600.0,191.0,511.0,False,train,
d075a9ab362acde5ac613e1bf14dce8aa72cce24,"spc_files/CO (76ppm, 5.11m, 191C) bc.spc",spc,CO,76.0,191.0,511.0,False,train,
5cf2932270ebbb953c6d1b6836bbae828a812dd7,"spc_files/CO (8550 ppm, 5.11m, 191C) bc.spc",spc,CO,8550.0,191.0,511.0,False,train,
42cf8a01b51603de7f2f10790d9d660fa70a5503,"spc_files/CO (9500ppm, 5.11m, 191C) bc.spc",spc,CO,9500.0,191.0,511.0,False,train,
38047cef60ccad27b5060da2162eb1177a590b56,"spc_files/CO (950ppm, 5.11m, 191C) bc.spc",spc,CO,950.0,191.0,511.0,False,train,
1c0c8146ff9f1843ae4736e280461547ef0193f7,"spc_files/CO (95ppm, 5.11m, 191C) bc.spc",spc,CO,95.0,191.0,511.0,False,test,
48d281f5ee6f99cbe75d13df35d1196d0dcadf36,"spc_files/CO% ( 0.5 %, 5.11M, 0.5 CM-1, 191C, MNB) bc.spc",spc,CO,5000.0,191.0,511.0,False,train,
274b6af0b94bb49741c87e5463a7c926d92f9ff6,"spc_files/CO% ( 1 %, 5.11M, 0.5 CM-1, 191C, MNB) bc.spc",spc,CO,10000.0,191.0,511.0,False,train,
4811b2a5a4b4700edf70904f659b5de01c7ddc06,"spc_files/CO% ( 1 %, 5.11M, 0.5 CM-1, 191C, MNB) bc_1.spc",spc,CO,10000.0,191.0,511.0,False,train,
4896bbd9a2ac60141907010bbf417dfbd36bf2e4,"spc_files/CO% ( 1.5 %, 5.11M, 0.5 CM-1, 191C, MNB) bc.spc",spc,CO,15000.0,191.0,511.0,False,val,
a7f0fec9d12d2d467bca4f1ed886b5502a4b5c00,"spc_files/CO% ( 1.5 %, 5.11M, 0.5 CM-1, 191C, MNB) bc_1.spc",spc,CO,15000.0,191.0,511.0,False,val,
e5f937472ab3cb055416953b5b0d66774963815b,"spc_files/CO% ( 10 %, 5.11M, 0.5 CM-1, 191C, MNB) bc.spc",spc,CO,100000.0,191.0,511.0,False,train,
8e05c72b1a2825d2bcf87a4a13c1633e5563c059,"spc_files/CO% ( 10 %, 5.11M, 0.5 CM-1, 191C, MNB) bc_1.spc",spc,CO,100000.0,191.0,511.0,False,test,
880bde3c63c4ba456cf4af57bcbce095dcb4eb7b,"spc_files/CO% ( 2 %, 5.11M, 0.5 CM-1, 191C, MNB) bc.spc",spc,CO,20000.0,191.0,511.0,False,train,
9cd000aa875ec039c7c470891d2c03f8d2f60939,"spc_files/CO% ( 2 %, 5.11M, 0.5 CM-1, 191C, MNB) bc_1.spc",spc,CO,20000.0,191.0,511.0,False,train,
f659f1a5b156900bca198ef9d22f5407d3893a87,"spc_files/CO% ( 2.5 %, 5.11M, 0.5 CM-1, 191C, MNB) bc.spc",spc,CO,25000.0,191.0,511.0,False,train,
a848fa8a725e193ddc2728ab45ebca65ec7d0b0b,"spc_files/CO% ( 2.5 %, 5.11M, 0.5 CM-1, 191C, MNB) bc_1.spc",spc,CO,25000.0,191.0,511.0,False,train,
4440c2f8f1dc56d4038a2f2905b62ae1b902dbef,"spc_files/CO% ( 3 %, 5.11M, 0.5 CM-1, 191C, MNB) bc.spc",spc,CO,30000.0,191.0,511.0,False,train,
fc4ea4ec708496dd6d401b6c133fe71a837912e7,"spc_files/CO% ( 3 %, 5.11M, 0.5 CM-1, 191C, MNB) bc_1.spc",spc,CO,30000.0,191.0,511.0,False,train,
94766066ea51fd7f204dfff43591d8b6d29b1ce9,"spc_files/CO% ( 3.5 %, 5.11M, 0.5 CM-1, 191C, MNB) bc.spc",spc,CO,35000.0,191.0,511.0,False,train,
c0c18d32e133bec42db15461bb41de0c5c7127cd,"spc_files/CO% ( 3.5 %, 5.11M, 0.5 CM-1, 191C, MNB) bc_1.spc",spc,CO,35000.0,191.0,511.0,False,test,
639cad8a2dacf6db0c9ff3847a102070bbf3e55d,"spc_files/CO% ( 4 %, 5.11M, 0.5 CM-1, 191C, MNB) bc.spc",spc,CO,40000.0,191.0,511.0,False,train,
bbf7818648de224a702c40aa157978ee50ef774d,"spc_files/CO% ( 4 %, 5.11M, 0.5 CM-1, 191C, MNB) bc_1.spc",spc,CO,40000.0,191.0,511.0,False,test,
fb40f1348cb006dd67b31eb85cd48c45dcde5524,"spc_files/CO% ( 4.5 %, 5.11M, 0.5 CM-1, 191C, MNB) bc.spc",spc,CO,45000.0,191.0,511.0,False,test,
23db285f00f48c63804151f0505f7b54ce47cb57,"spc_files/CO% ( 4.5 %, 5.11M, 0.5 CM-1, 191C, MNB) bc_1.spc",spc,CO,45000.0,191.0,511.0,False,train,
f0dc6243314ff5e538198b730f6c01054688bea6,"spc_files/CO% ( 5 %, 5.11M, 0.5 CM-1, 191C, MNB) bc.spc",spc,CO,50000.0,191.0,511.0,False,train,
20e3be1f1a1969f7d7dad4b1cd7e130fd53fb1e2,"spc_files/CO% ( 5 %, 5.11M, 0.5 CM-1, 191C, MNB) bc_1.spc",spc,CO,50000.0,191.0,511.0,False,train,
16508a1ba5d5fa508c2aa4abe73a827fff10c8c7,"spc_files/CO% ( 6 %, 5.11M, 0.5 CM-1, 191C, MNB) bc.spc",spc,CO,60000.0,191.0,511.0,False,test,
33d74fc28b377fb71f5eab404ce99f7f26e98cb4,"spc_files/CO% ( 6 %, 5.11M, 0.5 CM-1, 191C, MNB) bc_1.spc",spc,CO,60000.0,191.0,511.0,False,train,
2d946665d92320e269e085449b3dd526908b7a12,"spc_files/CO% ( 7 %, 5.11M, 0.5 CM-1, 191C, MNB) bc.spc",spc,CO,70000.0,191.0,511.0,False,train,
12c71d6c104e3517d47f9a11d8d3656204a3a2b4,"spc_files/CO% ( 7 %, 5.11M, 0.5 CM-1, 191C, MNB) bc_1.spc",spc,CO,70000.0,191.0,511.0,False,train,
ef6599cf2fbca16c934f6a09597cfa7106b88275,"spc_files/CO% ( 8 %, 5.11M, 0.5 CM-1, 191C, MNB) bc.spc",spc,CO,80000.0,191.0,511.0,False,val,
1ee06416fe41abaf693fc81d60a82ef94f791fa9,"spc_files/CO% ( 8 %, 5.11M, 0.5 CM-1, 191C, MNB) bc_1.spc",spc,CO,80000.0,191.0,511.0,False,train,
1163639fc07307a043775c1ca1f9b36316f615d2,"spc_files/CO% ( 9 %, 5.11M, 0.5 CM-1, 191C, MNB) bc.spc",spc,CO,90000.0,191.0,511.0,False,train,
4cf40a13890e893937d78297245650161896def2,"spc_files/CO% ( 9 %, 5.11M, 0.5 CM-1, 191C, MNB) bc_1.spc",spc,CO,90000.0,191.0,511.0,False,train,
413d789374ba8a0424ea33c4da95251d3ae23006,spc_files/CO2 (1000 ppm).spc,spc,CO2,1000.0,191.0,511.0,False,train,
649d3c33f18fbf21ce85b3985e6151ef3ce44cde,"spc_files/CO2 C (0.323%, 5.11m, 191C).spc",spc,CO2,3230.0,191.0,511.0,False,train,
e1b4648e5ba0b7eaed5d695806eda455c3a35ef0,"spc_files/CO2 C (0.33592% adj, 5.11m, 191C).spc",spc,CO2,3359.2,191.0,511.0,False,test,
143f7268b07c197f4542a59c00e3ee22fd883251,"spc_files/CO2 C (0.479%, 5.11m, 191C).spc",spc,CO2,4790.0,191.0,511.0,False,val,
b53c5bdce4d70aee43037d483cf487e84228dcc5,"spc_files/CO2 C (0.49816% adj, 5.11m, 191C).spc",spc,CO2,4981.6,191.0,511.0,False,train,
6ff44e92eef8a6d960f38edd377d863b5205aebe,"spc_files/CO2 C (0.803%, 5.11m, 191C).spc",spc,CO2,8030.000000000001,191.0,511.0,False,train,
d46fc6c61d8d1be8a2added0c23f1ecd9bad17c1,"spc_files/CO2 C (0.83512% adj, 5.11m, 191C).spc",spc,CO2,8351.199999999999,191.0,511.0,False,val,
b8219815b8264941e8d94c1ec1d6bf9585ffe1e9,"spc_files/CO2 C (1.207%, 5.11m, 191C).spc",spc,CO2,12070.0,191.0,511.0,False,test,
68461193b2d901c9d60ef8415703b01762245d35,"spc_files/CO2 C (1.25528% adj, 5.11m, 191C).spc",spc,CO2,12552.8,191.0,511.0,False,train,
5f242b16bb96ec75c77864892a5d501cf082ad73,"spc_files/CO2 C (1.605%, 5.11m, 191C).spc",spc,CO2,16050.0,191.0,511.0,False,test,
65a29c760102db40e4dbee367c6294a6f4298c4b,"spc_files/CO2 C (1.66920% adj, 5.11m, 191C).spc",spc,CO2,16692.0,191.0,511.0,False,train,
df59226540697ebf6af4959e39a28fcec3d3c5ec,"spc_files/CO2 C (2.021%, 5.11m, 191C).spc",spc,CO2,20210.0,191.0,511.0,False,train,
054f0533676e07ff43a1081bae0675023d51e01d,"spc_files/CO2 C (2.10184% adj, 5.11m, 191C).spc",spc,CO2,21018.4,191.0,511.0,False,val,
7339aa54a925cb90ce073bf230f2f38e9ed06bf4,"spc_files/CO2 C (2.409%, 5.11m, 191C).spc",spc,CO2,24089.999999999996,191.0,511.0,False,train,
92488a9eeca85f710d6c301ea1981694c20bbba1,"spc_files/CO2 C (2.50536% adj, 5.11m, 191C).spc",spc,CO2,25053.6,191.0,511.0,False,train,
89807e96cfee0772f921ce3c1fcb7bc7ac524297,"spc_files/CO2 C (2.814%, 5.11m, 191C).spc",spc,CO2,28140.0,191.0,511.0,False,train,
a01fdd105c9b843d0823dfc3db3b8522602c5a8f,"spc_files/CO2 C (2.92656% adj, 5.11m, 191C).spc",spc,CO2,29265.6,191.0,511.0,False,train,
5cdbe8ad9f3e4104320922cef4559572f1fc4495,"spc_files/CO2 C (3.223%, 5.11m, 191C).spc",spc,CO2,32230.0,191.0,511.0,False,train,
724178e7508e52ee557743603500e1db7fa91f0f,"spc_files/CO2 C (3.35192% adj, 5.11m, 191C).spc",spc,CO2,33519.2,191.0,511.0,False,train,
4e9dd5c8d2aa7019eb95bf75765396a74c1e8d85,"spc_files/CO2 C (3.626%, 5.11m, 191C).spc",spc,CO2,36260.0,191.0,511.0,False,train,
ee23dd4097278622260ed9f66c4b85bf13654c9c,"spc_files/CO2 C (3.77104% adj, 5.11m, 191C).spc",spc,CO2,37710.4,191.0,511.0,False,val,
76c5f959f3a0709e65a28df06e6a3d38428bd0ee,"spc_files/CO2 C (4.021%, 5.11m, 191C).spc",spc,CO2,40210.0,191.0,511.0,False,val,
b1efbf32f1c8297f754e4e40d0dff6155230b634,"spc_files/CO2 C (4.18184% adj, 5.11m, 191C).spc",spc,CO2,41818.4,191.0,511.0,False,train,
898e626b39335be89747a03ccf70bdac0dff73f9,"spc_files/CO2 C (5.651%, 5.11m, 191C).spc",spc,CO2,56510.0,191.0,511.0,False,train,
c08fa363e4f289fa299e3cf2cd748d57455ca73b,"spc_files/CO2 C (5.87804% adj, 5.11m, 191C).spc",spc,CO2,58780.4,191.0,511.0,False,train,
5125c656f61d70f5554ce2ce87114694e9f227ea,"spc_files/CO2% (   0.4%, 5.11m, 190C).spc",spc,CO2,4000.0,190.0,511.0,False,test,
9f632575c3fe96493d1feeaf602ddeb4ed9eb21f,"spc_files/CO2% (   0.4%, 5.11m, 190C)_1.spc",spc,CO2,4000.0,190.0,511.0,False,train,
93e88b710ee4b1ae32d288bef569c9ce3567dd84,"spc_files/CO2% (   0.8%, 5.11m, 190C).spc",spc,CO2,8000.0,190.0,511.0,False,train,
2d63ff76cf246f1cff70504beb6fdeb0a15c50dd,"spc_files/CO2% (   0.8%, 5.11m, 190C)_1.spc",spc,CO2,8000.0,190.0,511.0,False,train,
b65607cf8b7b53cd9ce1f90e5a81cb65c864a000,"spc_files/CO2% (   1.2%, 5.11m, 190C).spc",spc,CO2,12000.0,190.0,511.0,False,val,
88f280c609d724a29eeb2e08f6e0458e8a08510d,"spc_files/CO2% (   1.2%, 5.11m, 190C)_1.spc",spc,CO2,12000.0,190.0,511.0,False,test,
ff77a644e370cbf2a6f3de546351338aa21489ca,"spc_files/CO2% (   1.6%, 5.11m, 190C).spc",spc,CO2,16000.0,190.0,511.0,False,train,
e51eaed0487192108ea0be2842396c6cd03692b3,"spc_files/CO2% (   1.6%, 5.11m, 190C)_1.spc",spc,CO2,16000.0,190.0,511.0,False,train,
62ced17a8c46d6dfaf37f38f5b66171c061b010b,"spc_files/CO2% (   2.0%, 5.11m, 190C).spc",spc,CO2,20000.0,190.0,511.0,False,train,
3adca04b7c00f3042f49fbe4ed17720a43562242,"spc_files/CO2% (   2.0%, 5.11m, 190C)_1.spc",spc,CO2,20000.0,190.0,511.0,False,train,
1b896284587750e2a793fa60ecaeb3859d165d95,"spc_files/CO2% (   2.8%, 5.11M, 190C) BC.spc",spc,CO2,28000.0,190.0,511.0,False,train,
5d6f83d25e13c1f43c971b9889f7ad406f331815,"spc_files/CO2% (   2.8%, 5.11m, 190C).spc",spc,CO2,28000.0,190.0,511.0,False,train,
5ce37149acbbab979220045cf5a7cd20d39535cc,"spc_files/CO2% (   2.8%, 5.11m, 190C)_1.spc",spc,CO2,28000.0,190.0,511.0,False,test,
e8ea7e44a76652625138a4f76ebfb0d7b87e3279,"spc_files/CO2% (   4.6%, 5.11M, 190C) BC.spc",spc,CO2,46000.0,190.0,511.0,False,train,
0541b13d988c3ec21e09d3949a7db0e0d2bf1865,"spc_files/CO2% (   4.6%, 5.11m, 190C).spc",spc,CO2,46000.0,190.0,511.0,False,train,
7fc82a7dc90bfe07118709ea46069dd47f6a9f3d,"spc_files/CO2% (   4.6%, 5.11m, 190C)_1.spc",spc,CO2,46000.0,190.0,511.0,False,train,
0ec685a95e100539029a3570e1ffd7250f2e0932,"spc_files/CO2% (   5.6%, 5.11M, 190C) BC.spc",spc,CO2,56000.0,190.0,511.0,False,test,
dc772dc01938faccd15d29b5e78ccbf5da2fe026,"spc_files/CO2% (   5.6%, 5.11m, 190C).spc",spc,CO2,56000.0,190.0,511.0,False,train,
321fce878fbfc43b5c97a1b2bff9cac99d88923e,"spc_files/CO2% (   5.6%, 5.11m, 190C)_1.spc",spc,CO2,56000.0,190.0,511.0,False,train,
c0d9135d37be3119baf903be8b2d119f2af15a2d,"spc_files/CO2% (   8.4%, 5.11M, 190C) BC.spc",spc,CO2,84000.0,190.0,511.0,False,val,
231e1cc987e9a6af18942fce8855555b32f49a3d,"spc_files/CO2% (   8.4%, 5.11m, 190C).spc",spc,CO2,84000.0,190.0,511.0,False,val,
cb5cb956562638521191890f65899fc45e7f665a,"spc_files/CO2% (   8.4%, 5.11m, 190C)_1.spc",spc,CO2,84000.0,190.0,511.0,False,val,
50d9859ce614e10c8050937e9e5d3585f6ea938d,"spc_files/CO2% (   9.2%, 5.11M, 190C) BC.spc",spc,CO2,92000.0,190.0,511.0,False,train,
58ff5fe90469e0842c7eed1f8af86e00d5650d62,"spc_files/CO2% (   9.2%, 5.11m, 190C).spc",spc,CO2,92000.0,190.0,511.0,False,test,
a89b082730977a648ba078d0fba5ad6b7a8f241f,"spc_files/CO2% (   9.2%, 5.11m, 190C)_1.spc",spc,CO2,92000.0,190.0,511.0,False,test,
ffaa483aee0096d66d0c87c1b87f96f94f8ea0ea,"spc_files/CO2% (  11.1%, 5.11M, 190C) BC.spc",spc,CO2,111000.0,190.0,511.0,False,train,
7347f51e98cd213bf338356a647c3cd4f1465a1a,"spc_files/CO2% (  11.1%, 5.11m, 190C).spc",spc,CO2,111000.0,190.0,511.0,False,train,
560ebfc31b422640e48b37f1654c6cd0426e8869,"spc_files/CO2% (  11.1%, 5.11m, 190C)_1.spc",spc,CO2,111000.0,190.0,511.0,False,train,
eae323efbeccb1a95ae566b12ebf7fd0ef6c8cd1,"spc_files/CO2% (  13.9%, 5.11M, 190C) BC.spc",spc,CO2,139000.0,190.0,511.0,False,train,
e75b31cc044dcb9ea0a924c09ac497dc5adcb648,"spc_files/CO2% (  13.9%, 5.11m, 190C).spc",spc,CO2,139000.0,190.0,511.0,False,train,
7a182104e25ec11a3def6119bb9c7e08d941f6c9,"spc_files/CO2% (  13.9%, 5.11m, 190C)_1.spc",spc,CO2,139000.0,190.0,511.0,False,train,
7714b0b9f43b762aca9bb39551203a29ea5ad73e,"spc_files/CO2% (  18.4%, 5.11M, 190C) BC.spc",spc,CO2,184000.0,190.0,511.0,False,train,
c77a4275eb319d648d95d034a464c8684f0894ce,"spc_files/CO2% (  18.4%, 5.11m, 190C).spc",spc,CO2,184000.0,190.0,511.0,False,train,
8e282dfd3ea687eb36fc0127fb1a67fb1a9bc6e2,"spc_files/CO2% (  18.4%, 5.11m, 190C)_1.spc",spc,CO2,184000.0,190.0,511.0,False,train,
4a99a3de4627b7541cb50a5a4d78c70b27021541,"spc_files/CO2% (  23.0%, 5.11M, 190C) BC.spc",spc,CO2,230000.0,190.0,511.0,False,val,
b34aecbc2bd35f2ce4b65179fbb78eb1fd1fe7a6,"spc_files/CO2% (  23.0%, 5.11m, 190C).spc",spc,CO2,230000.0,190.0,511.0,False,train,
f7af2540d590595a197ff3c5459453184a6c7b44,"spc_files/CO2% (  23.0%, 5.11m, 190C)_1.spc",spc,CO2,230000.0,190.0,511.0,False,train,
c4b3beb03389aafe760ae3601dbe0d25aafa3608,"spc_files/Carbon Dioxide (24.24%, 5.11m, 191c).spc",spc,CO2,242399.99999999997,191.0,511.0,False,test,
bff5aa0d5920a55871288d86d931e4f555dec74d,"spc_files/Carbon Dioxide (27.80%,5.11m, 191c).spc",spc,CO2,278000.0,191.0,511.0,False,train,
fbabc00ea16defceedbe8a11602acd859ebdb077,"spc_files/Carbon Dioxide (31.50%, 5.11m, 191c).spc",spc,CO2,315000.0,191.0,511.0,False,train,
d8693a0ebc636945f10ee791c65b090ebabc9280,"spc_files/Carbon Dioxide (31.97%, 5.11m, 191c).spc",spc,CO2,319700.0,191.0,511.0,False,train,
f771125e23a6a5646c0c9030a50b10885a87350d,"spc_files/Carbon Dioxide (34.85%, 5.11m, 191c).spc",spc,CO2,348500.0,191.0,511.0,False,test,
edb4164af7c83b2f0c38791c4763110893163c7f,"spc_files/Carbon Dioxide (37.88%, 5.11m, 191c).spc",spc,CO2,378800.0,191.0,511.0,False,train,
979e496bcb611401b66dfe6dff13b49ea2e5d1c1,"spc_files/Carbon Dioxide (38.27%, 5.11m, 191c).spc",spc,CO2,382700.00000000006,191.0,511.0,False,train,
3b85c7bfc6d678fdec8a0e13b3751a80f1630922,"spc_files/Carbon Dioxide (40.65%, 5.11m, 191c).spc",spc,CO2,406500.0,191.0,511.0,False,train,
bd5b1ab58a31fa737fe5b2bf499869369bec659b,"spc_files/Diesel (  29.0ppm, 5.11m, 191C).spc",spc,Diesel,29.0,191.0,511.0,False,test,
1c1dfeb060247e767d0b5e8fe527aee8fb71b8d1,"spc_files/Diesel ( 140.0ppm, 5.11m, 191C).spc",spc,Diesel,140.0,191.0,511.0,False,train,
fc516d78b5f3bae3aec3fdb5744761c083822cfd,"spc_files/Diesel ( 208.0ppm, 5.11m, 191C).spc",spc,Diesel,208.0,191.0,511.0,False,test,
0b4c6bb718c1951987cc33297649e3f771ece849,"spc_files/Diesel ( 212.0ppm, 5.11m, 191C).spc",spc,Diesel,212.0,191.0,511.0,False,val,
5bf15c4dd2853c277902bb5552e4e59d75cc1b4c,"spc_files/Diesel ( 270.0ppm, 5.11m, 191C).spc",spc,Diesel,270.0,191.0,511.0,False,train,
32410982d9916febb2a48dab98db07ae062ea1e4,"spc_files/Diesel ( 424.0ppm, 5.11m, 191C).spc",spc,Diesel,424.0,191.0,511.0,False,val,
bbec1550acca1221dd67cf2346ab67c887e2a831,"spc_files/Diesel ( 477.0ppm, 5.11m, 191C).spc",spc,Diesel,477.0,191.0,511.0,False,train,
c3c4f4200af5f08e4069b47981ad477a22053591,"spc_files/Diesel ( 655.0ppm, 5.11m, 191C).spc",spc,Diesel,655.0,191.0,511.0,False,train,
0d551dbcee12697ee38b4b18f06a4d833e2b19b5,"spc_files/Diesel ( 683.0ppm, 5.11m, 191C).spc",spc,Diesel,683.0,191.0,511.0,False,train,
4b949e83d97e0493048b00780f4b8f7ebe741170,"spc_files/Diesel (1313.0ppm, 5.11m, 191C).spc",spc,Diesel,1313.0,191.0,511.0,False,train,
992389df9252b9fa72441bf9037dcd4cc70d1d8b,"spc_files/Diesel (2650.0ppm, 5.11m, 191C).spc",spc,Diesel,2650.0,191.0,511.0,False,train,
adf77e9f82ac4fdf11c7640355298683077b8442,"spc_files/Diesel (4500.0ppm, 5.11m, 191C).spc",spc,Diesel,4500.0,191.0,511.0,False,train,
1e5edccff335ceb9f7157905609c7836f479320c,"spc_files/H2O high (26% adj, 5.11m, 191C).spc",spc,H2O,260000.0,191.0,511.0,False,train,
29a20353ad2f870a8ee41984369a5ff91fac9fb9,"spc_files/H2O high (29.5% adj, 5.11m, 191C).spc",spc,H2O,295000.0,191.0,511.0,False,val,
4465577f7f22a4d3a62da6bdacda872999f27553,"spc_files/H2O high (33.5% adj, 5.11m, 191C).spc",spc,H2O,335000.0,191.0,511.0,False,train,
3645663288dd8f3c63121c437a620ef05723b563,"spc_files/H2O high (38% adj, 5.11m, 191C).spc",spc,H2O,380000.0,191.0,511.0,False,test,
c08854170581fc96fe41b9a616cbddb06df463ca,"spc_files/Water (11.87%, 5.11m, 191C).spc",spc,H2O,118699.99999999999,191.0,511.0,False,train,
1d990a6a51f7f28cff134c10731e35e1f0e5c0be,"spc_files/Water (14.99%, 5.11m, 191C).spc",spc,H2O,149900.0,191.0,511.0,False,train,
b9d311bf2c070908ae991ca6d405559ccdf64ad2,"spc_files/Water (17.87%, 5.11m, 191C).spc",spc,H2O,178700.0,191.0,511.0,False,train,
5356783536651f549fea064d315bc67ee3e3a48e,"spc_files/Water (2.03%, 5.11m, 191c).spc",spc,H2O,20299.999999999996,191.0,511.0,False,train,
3773875630f15e29dbda1704a7b4cfd4a074b05d,"spc_files/Water (20.57%, 5.11m, 191C).spc",spc,H2O,205700.0,191.0,511.0,False,val,
337ebcd4d6c2021fb72775602219b773b1a12bf0,"spc_files/Water (3.98%, 5.11m, 191C).spc",spc,H2O,39800.0,191.0,511.0,False,train,
7b4e3f28453814cedcc84562e1ae7eff2c191312,"spc_files/Water (6.76%, 5.11m, 191C).spc",spc,H2O,67600.0,191.0,511.0,False,test,
1c331df381ea1111a038add6db0525a2d94bd9f4,"spc_files/Water (9.39%, 5.11m, 191C).spc",spc,H2O,93900.0,191.0,511.0,False,train,
66c560f5d05638623936c53c88d14d715fecc7ce,"spc_files/H2SO4 (~55.3 ppm, 5.60 m, 150C).spc",spc,H2SO4,55.3,150.0,560.0,True,staging,
42d3967ee66b58bcb85567254221acd6c6a63cd6,"spc_files/HCN (  29.76ppm, 5.11m, 191C) bc.spc",spc,HCN,29.76,191.0,511.0,False,train,
7783d8de18c8e4e0cec9061660e80dace46ca078,"spc_files/HCN (  39.68ppm, 5.11m, 191C) bc.spc",spc,HCN,39.68,191.0,511.0,False,train,
2e120c26a4ca8dc4ad92a43ffdb4397e28defe68,"spc_files/HCN (  49.60ppm, 5.11m, 191C) bc.spc",spc,HCN,49.6,191.0,511.0,False,val,
da0506747ac8cc986340e664dff70cf15c5a4eee,"spc_files/HCN (  59.52ppm, 5.11m, 191C) bc.spc",spc,HCN,59.52,191.0,511.0,False,train,
ebcb641cfd3417ff3593f50b079df74fca570c82,"spc_files/HCN (  69.44ppm, 5.11m, 191C) bc.spc",spc,HCN,69.44,191.0,511.0,False,train,
e82409707eae8ebe71c600f9d3cd29c8731467cd,"spc_files/HCN (  79.36ppm, 5.11m, 191C) bc.spc",spc,HCN,79.36,191.0,511.0,False,test,
4dce701a6b63245ee08e3e8e856023a94f64005b,"spc_files/HCN (  89.28ppm, 5.11m, 191C) bc.spc",spc,HCN,89.28,191.0,511.0,False,train,
634e2c1465acee80f7b78f86c48c3f7d7f7645c9,"spc_files/HCN (  99.20ppm, 5.11m, 191C) bc.spc",spc,HCN,99.2,191.0,511.0,False,train,
72238b3d3d982788d85cb9f9a99d1e101883aba1,"spc_files/HCN (12.1ppm, 0.95 atm, 5.11m, 191C).spc",spc,HCN,12.1,191.0,511.0,False,train,
2a9a5d32d8203ea0c0db6fbcdbdde452b73b1240,"spc_files/HCN (16.0ppm, 0.95 atm, 5.11m, 191C).spc",spc,HCN,16.0,191.0,511.0,False,train,
a289f13c18b210c584b2ecc8474c4f0e45afcdf4,"spc_files/HCN (20.0ppm, 0.95 atm, 5.11m, 191C).spc",spc,HCN,20.0,191.0,511.0,False,val,
fdca7543fd566b2076e08b898e562817a9ce31bb,"spc_files/HNCO (134ppm, 5.11m, 190C).spc",spc,HNCO,134.0,190.0,511.0,False,val,
cc8777637b8e7ad12d3ac239962018eae36d5888,"spc_files/HNCO (14.2ppm, 5.11m, 190C).spc",spc,HNCO,14.2,190.0,511.0,False,train,
1c7b53f3ab69cd5345b126f2ff1182d157aa2135,"spc_files/HNCO (199ppm, 5.11m, 190C).spc",spc,HNCO,199.0,190.0,511.0,False,test,
68f9a3a810eeeeabede46cb3ef9caed7cb0de357,"spc_files/HNCO (235ppm, 5.11m, 190C).spc",spc,HNCO,235.0,190.0,511.0,False,test,
aca22c4ab2a83e7bce454e6bb3f104ea87546f44,"spc_files/HNCO (24.6ppm, 5.11m, 190C).spc",spc,HNCO,24.6,190.0,511.0,False,train,
0c2e01938e3301e9ab5dd39acc8ef770b7a8c638,"spc_files/HNCO (277ppm, 5.11m, 190C).spc",spc,HNCO,277.0,190.0,511.0,False,train,
0f2c37d3bca4e5d43659f61eed0a798170ec9c68,"spc_files/HNCO (346ppm, 5.11m, 190C).spc",spc,HNCO,346.0,190.0,511.0,False,train,
7eb2fa7738c5361b847aafc95f08223381b23d82,"spc_files/HNCO (394ppm, 5.11m, 190C).spc",spc,HNCO,394.0,190.0,511.0,False,train,
7e00e8f96222678fc90e5c86dace39b55ca665d1,"spc_files/HNCO (52ppm, 5.11m, 190C).spc",spc,HNCO,52.0,190.0,511.0,False,train,
f24df8d7133a817ddebe881c097d42346982dd2c,"spc_files/HNCO (66.9ppm, 5.11ppm, 190C).spc",spc,HNCO,66.9,190.0,511.0,False,train,
244d343331735ed60360a67d856d1eaeef87349c,"spc_files/HNCO (68.8ppm, 5.11ppm, 190C).spc",spc,HNCO,68.8,190.0,511.0,False,train,
e0436b876fe23c969d52a9578512cabfbb0d87b5,"spc_files/HNCO (78ppm, 5.11m, 190C).spc",spc,HNCO,78.0,190.0,511.0,False,val,
1d837d173c8beb23d481e4f5b7e7e1f0e32c1309,"spc_files/Urea (~89 ppm corr, 5.11m, 191C) copy.spc",spc,HNCO,89.0,191.0,511.0,False,train,
daa7b09854093237d6283cc42f3ef1358db625d6,"spc_files/Urea (~89 ppm corr, 5.11m, 191C).spc",spc,HNCO,89.0,191.0,511.0,False,train,
29dd1677e8286474d56355434d86478456218b43,"spc_files/HNO3 (~~700 ppm, 5.11m, 191C).spc",spc,HNO3,700.0,191.0,511.0,True,staging,
c8d84c44573d25bfab297db94d73d9afda13d4f3,"spc_files/N2O (10.815 ppm corr, 191C, 0.5cm-1, MNB) 0.25mm bc -ice.spc",spc,N2O,10.815,191.0,511.0,False,val,
50a031a88f5a631306c0fd3698057f608f82f7ce,"spc_files/N2O (103.515 ppm corr, 191C, 0.5cm-1, MNB) 0.25mm bc -ice.spc",spc,N2O,103.515,191.0,511.0,False,train,
356a572fbdb6f7a0e12494add5c48ad1108eacce,"spc_files/N2O (113.558 ppm corr, 191C, 0.5cm-1, MNB) 0.25mm bc -ice.spc",spc,N2O,113.558,191.0,511.0,False,val,
c35c34408551ecb0e82d1f9a29c410bfa63e1a45,"spc_files/N2O (123.600 ppm corr, 191C, 0.5cm-1, MNB) 0.25mm bc -ice.spc",spc,N2O,123.6,191.0,511.0,False,train,
d26d3d413224510d872ab32139b3c1c2103d4920,"spc_files/N2O (133.643 ppm corr, 191C, 0.5cm-1, MNB) 0.25mm bc -ice.spc",spc,N2O,133.643,191.0,511.0,False,train,
72ad3a6ef8d4d8029a6c57859fa6f24854669259,"spc_files/N2O (144.458 ppm corr, 191C, 0.5cm-1, MNB) 0.25mm bc -ice.spc",spc,N2O,144.458,191.0,511.0,False,test,
94db4e59d59a13ff2607066703d80445b550095d,"spc_files/N2O (154.500 ppm corr, 191C, 0.5cm-1, MNB) 0.25mm bc -ice.spc",spc,N2O,154.5,191.0,511.0,False,train,
ca1c90f7b6c903a6c84fd8514553e7ea7886385b,"spc_files/N2O (163.770 ppm corr, 191C, 0.5cm-1, MNB) 0.25mm bc -ice.spc",spc,N2O,163.77,191.0,511.0,False,train,
ed3dd82fdd58b5ccb9218b3d36c19128d52af9be,"spc_files/N2O (174.585 ppm corr, 191C, 0.5cm-1, MNB) 0.25mm bc -ice.spc",spc,N2O,174.585,191.0,511.0,False,test,
74370ea2eda0a41f87663df1896ef93778250a53,"spc_files/N2O (185.400 ppm corr, 191C, 0.5cm-1, MNB) 0.25mm bc -ice.spc",spc,N2O,185.4,191.0,511.0,False,val,
0f2f0018316ec81f2dc41005e0c31ee10e74f013,"spc_files/N2O (196.215 ppm corr, 191C, 0.5cm-1, MNB) 0.25mm bc -ice.spc",spc,N2O,196.215,191.0,511.0,False,train,
d0663dc1bf10dbb308eac28585d82eac50db7014,"spc_files/N2O (20.858 ppm corr, 191C, 0.5cm-1, MNB) 0.25mm bc -ice.spc",spc,N2O,20.858,191.0,511.0,False,train,
e76dcfcf1449bfd4fa18c7b9c29f33c0880d7702,"spc_files/N2O (206.258 ppm corr, 191C, 0.5cm-1, MNB) 0.25mm bc -ice.spc",spc,N2O,206.258,191.0,511.0,False,train,
c7deb07c146723d88551bededb521a7c7abf1c0e,"spc_files/N2O (216.300 ppm corr, 191C, 0.5cm-1, MNB) 0.25mm bc -ice.spc",spc,N2O,216.3,191.0,511.0,False,val,
0a9646cdce0d340d2e9fc974f147b7356bea7e62,"spc_files/N2O (227.115 ppm corr, 191C, 0.5cm-1, MNB) 0.25mm bc -ice.spc",spc,N2O,227.115,191.0,511.0,False,test,
33b084e1d287ac3cd4c3189a685c8dc6bd88598d,"spc_files/N2O (237.158 ppm corr, 191C, 0.5cm-1, MNB) 0.25mm bc -ice.spc",spc,N2O,237.158,191.0,511.0,False,train,
8041d3fb116f6fc69cdcd132b5400ae1c696b533,"spc_files/N2O (247.200 ppm corr, 191C, 0.5cm-1, MNB) 0.25mm bc -ice.spc",spc,N2O,247.2,191.0,511.0,False,train,
5f0dee255e2e4dcb22ecf0a06a56649775360528,"spc_files/N2O (256.470 ppm corr, 191C, 0.5cm-1, MNB) 0.25mm bc -ice.spc",spc,N2O,256.47,191.0,511.0,False,test,
8f2987249e4e8b4bdbdd65b05cf671f902bcc414,"spc_files/N2O (267.903 ppm corr, 191C, 0.5cm-1, MNB) 0.25mm bc -ice.spc",spc,N2O,267.903,191.0,511.0,False,train,
49e3d78c151fadd717c3da4650231290a9c00090,"spc_files/N2O (278.100 ppm corr, 191C, 0.5cm-1, MNB) 0.25mm bc -ice.spc",spc,N2O,278.1,191.0,511.0,False,train,
637f5c85641f44001fa3b1bd98cf464d3eff5aa8,"spc_files/N2O (288.915 ppm corr, 191C, 0.5cm-1, MNB) 0.25mm bc -ice.spc",spc,N2O,288.915,191.0,511.0,False,train,
0fd93f0e98f6ec98d930f6fcbe738336084c6e11,"spc_files/N2O (298.958 ppm corr, 191C, 0.5cm-1, MNB) 0.25mm bc -ice.spc",spc,N2O,298.958,191.0,511.0,False,test,
ddb4b357419102dfb15eb6bf79cfc6751eb5e636,"spc_files/N2O (30.900 ppm corr, 191C, 0.5cm-1, MNB) 0.25mm bc -ice.spc",spc,N2O,30.9,191.0,511.0,False,train,
c8bc2013ed4b2049922b7405bde155a48377ae45,"spc_files/N2O (309.000 ppm corr, 191C, 0.5cm-1, MNB) 0.25mm bc.spc",spc,N2O,309.0,191.0,511.0,False,val,
b1d9e60b0fe9c23cfedb1146615603735f91ac7b,"spc_files/N2O (40.170 ppm corr, 191C, 0.5cm-1, MNB) 0.25mm bc -ice.spc",spc,N2O,40.17,191.0,511.0,False,train,
ab72607239a36f882e229c07201af731bb3da2d6,"spc_files/N2O (51.758 ppm corr, 191C, 0.5cm-1, MNB) 0.25mm bc -ice.spc",spc,N2O,51.758,191.0,511.0,False,train,
5d0912c06b85ac649edadde108f6fb233d978e94,"spc_files/N2O (62.573 ppm corr, 191C, 0.5cm-1, MNB) 0.25mm bc -ice.spc",spc,N2O,62.573,191.0,511.0,False,train,
70e6ce5c1ceb79d35481ae96e54f558451baf269,"spc_files/N2O (72.615 ppm corr, 191C, 0.5cm-1, MNB) 0.25mm bc -ice.spc",spc,N2O,72.615,191.0,511.0,False,val,
76d11f4d4b869e4c63f8a56ad5e7564890f67944,"spc_files/N2O (81.885 ppm corr, 191C, 0.5cm-1, MNB) 0.25mm bc -ice.spc",spc,N2O,81.885,191.0,511.0,False,train,
83d0f243a3719848cc187719dcdb02e8f62c57bc,"spc_files/N2O (92.700 ppm corr, 191C, 0.5cm-1, MNB) 0.25mm bc -ice.spc",spc,N2O,92.7,191.0,511.0,False,train,
78220b3d06d0a67da6aa449db358f075a700a687,"spc_files/N2O C (103p8 ppm, 5.11m, 191C) bc.spc",spc,N2O,103.8,191.0,511.0,False,train,
109ec973a32daee6ea4d764d61bf2254123250e6,"spc_files/N2O C (1040 ppm, 5.11m, 191C) bc.spc",spc,N2O,1040.0,191.0,511.0,False,train,
34cb4b6ef6eb60d4e956b240ee6ca8d91fcd9627,"spc_files/N2O C (207p8 ppm, 5.11m, 191C) bc.spc",spc,N2O,207.8,191.0,511.0,False,train,
5c1a65c161a4443dc01db4a151dce61f1fff2f99,"spc_files/N2O C (310 ppm, 5.11m, 191C) bc.spc",spc,N2O,310.0,191.0,511.0,False,test,
3d84bb5134bcd9b7afcc721cee178e60cab01e84,"spc_files/N2O C (39p7 ppm, 5.11m, 191C)) bc.spc",spc,N2O,39.7,191.0,511.0,False,train,
6176f4141127e60cb668c38a43b4b6fe549b0c9f,"spc_files/N2O C (417p6 ppm, 5.11m, 191C) bc.spc",spc,N2O,417.6,191.0,511.0,False,train,
dc07dbdb737621fee1f692bc5441782d2fbea3d0,"spc_files/N2O C (522 ppm, 5.11m, 191C) bc.spc",spc,N2O,522.0,191.0,511.0,False,train,
67500405f7a661f5f8511859c9c4e33dfdf0f9ae,"spc_files/N2O C (622.3 ppm, 5.11m, 191C) bc.spc",spc,N2O,622.3,191.0,511.0,False,train,
9ee6dac5a0e230cb132b26957f0f23fb7894fd76,"spc_files/N2O C (64.1 ppm, 5.11m, 191C) bc.spc",spc,N2O,64.1,191.0,511.0,False,train,
903723bd8f1f4e1c0f665f8254f2d7e781d28b81,"spc_files/N2O C (725p6 ppm, 5.11m, 191C) bc.spc",spc,N2O,725.6,191.0,511.0,False,train,
47e9c59a1aa5ccc359ba56afa32ff203b5aa716a,"spc_files/N2O C (832p1 ppm, 5.11m, 191C) bc.spc",spc,N2O,832.1,191.0,511.0,False,train,
4ccdb46da70f05fc30e0ac298fda1ef3be5445ac,"spc_files/N2O C (939p7 ppm, 5.11m, 191C) bc.spc",spc,N2O,939.7,191.0,511.0,False,train,
b7185e64fedd920ccc8b9e25532a1c88fb463b5b,"spc_files/N2O High (  200.20ppm, 5.11m, 190C).spc",spc,N2O,200.2,190.0,511.0,False,train,
5e8843d2d0b1f37d243fa8eb9aff691ea4833852,"spc_files/N2O High (  400.40ppm, 5.11m, 190C).spc",spc,N2O,400.4,190.0,511.0,False,train,
904dd7c1aaf4cde76244632545de15f9516a9ca3,"spc_files/N2O High (  600.60ppm, 5.11m, 190C).spc",spc,N2O,600.6,190.0,511.0,False,val,
d9e1c207ce63a4558e965781ed7b21585fbbb508,"spc_files/N2O High (  800.80ppm, 5.11m, 190C).spc",spc,N2O,800.8,190.0,511.0,False,train,
cfc0d60bfcba8ef3e30f65aa699a3ad883a4e56e,"spc_files/N2O High ( 1001.00ppm, 5.11m, 190C).spc",spc,N2O,1001.0,190.0,511.0,False,train,
dc35de80dd42be0c1181e4c8e4b6c76e36d0e2f6,"spc_files/N2O High ( 1201.20ppm, 5.11m, 190C).spc",spc,N2O,1201.2,190.0,511.0,False,test,
28b5ed85fce89cfe57625c75e1da76eb296c06a2,"spc_files/N2O High ( 1401.40ppm, 5.11m, 190C).spc",spc,N2O,1401.4,190.0,511.0,False,test,
61cb8918a4804774d63f30fb0de7449be429d5f5,"spc_files/N2O High ( 1601.60ppm, 5.11m, 190C).spc",spc,N2O,1601.6,190.0,511.0,False,train,
16ec93811247861d18f064c8e657df582440223d,"spc_files/N2O High ( 1801.80ppm, 5.11m, 190C).spc",spc,N2O,1801.8,190.0,511.0,False,train,
a62c70e6231d9c72e978fc005c348428f8172640,"spc_files/N2O High ( 2002.00ppm, 5.11m, 190C).spc",spc,N2O,2002.0,190.0,511.0,False,val,
b13aa396b50237ca24c6caf7cf91504afb14c627,"spc_files/Ammonia (  299.5ppm, 5.11m, 190C).spc",spc,NH3,299.5,190.0,511.0,False,train,
5d7bc5edb7caf35d48aeb44e1e36dd33bf5e30c2,"spc_files/Ammonia (  599.0ppm, 5.11m, 190C).spc",spc,NH3,599.0,190.0,511.0,False,train,
aeca18a62b29602afa394af7742108069ecbac76,"spc_files/Ammonia (  898.5ppm, 5.11m, 190C).spc",spc,NH3,898.5,190.0,511.0,False,train,
9e22cc954500d41d44d85d4f3ce9f7c99172c8b2,"spc_files/Ammonia ( 1198.0ppm, 5.11m, 190C).spc",spc,NH3,1198.0,190.0,511.0,False,val,
300d6d2700325cbeb9747a2ba8208e9b06c8958b,"spc_files/Ammonia ( 1497.5ppm, 5.11m, 190C).spc",spc,NH3,1497.5,190.0,511.0,False,val,
d7f0a7748b71f0d193ccbee7650dd8926e4d12a4,"spc_files/Ammonia ( 1797.0ppm, 5.11m, 190C).spc",spc,NH3,1797.0,190.0,511.0,False,train,
44d6508dcf3a627d4288f238c671aa1c3514c77c,"spc_files/Ammonia ( 2096.5ppm, 5.11m, 190C).spc",spc,NH3,2096.5,190.0,511.0,False,train,
f26a299d445087c499ced5f2f43d3ccc119b36c9,"spc_files/Ammonia ( 2396.0ppm, 5.11m, 190C).spc",spc,NH3,2396.0,190.0,511.0,False,train,
f4d15c630812d6d9e06e077bfc9fb4c7015c443b,"spc_files/Ammonia ( 2695.5ppm, 5.11m, 190C).spc",spc,NH3,2695.5,190.0,511.0,False,train,
abdfc4ef914ab18d7fcc08271f6308231d730605,"spc_files/Ammonia ( 2995.0ppm, 5.11m, 190C).spc",spc,NH3,2995.0,190.0,511.0,False,train,
d45de6781368e9f81db038230b37b831771f6fda,spc_files/NH3 (10.65 ppm 191 c 0.5cm-1 MNB) 0.25mm bc -640 -ice.spc,spc,NH3,10.65,191.0,511.0,False,test,
fccf3c2f3275171d4b73fa56ec0efe8a994b4a2b,spc_files/NH3 (100.05 ppm (2942 cyl) 191 c 0.5cm-1 MNB) 0.25mm bc -ice.spc,spc,NH3,100.05,191.0,511.0,False,train,
4e491c108ad2893ff5d8d746f4b8548f9118954c,"spc_files/NH3 (116.5 ppm, 5.11m, 191C).spc",spc,NH3,116.5,191.0,511.0,False,train,
728c22310ac9a906ebf2b487cbcb2443f3657438,"spc_files/NH3 (12.73 ppm, 0.95 atm, 5.11m, 191C).spc",spc,NH3,12.73,191.0,511.0,False,val,
590c03b2f604f43dd0babf4e790d49e3cfcad50f,spc_files/NH3 (120.20 ppm 191 c 0.5cm-1 MNB) 0.25mm bc -ice.spc,spc,NH3,120.2,191.0,511.0,False,train,
48d332b90db35b7762e3b3ce863cd8c57451d098,spc_files/NH3 (1200.54 ppm 191 c 0.5cm-1 MNB) 0.25mm bc -ice.spc,spc,NH3,1200.54,191.0,511.0,False,test,
65273978eae6180d9259da9d2890545e279cfb98,spc_files/NH3 (129.33 ppm 191 c 0.5cm-1 MNB) 0.25mm bc -ice.spc,spc,NH3,129.33,191.0,511.0,False,test,
62930e2ae00a771b244ad7e6500191fd7246bc7f,"spc_files/NH3 (139.8 ppm, 5.11m, 191C).spc",spc,NH3,139.8,191.0,511.0,False,val,
d2e0dcf4a1c184418a1be164082c6510d8da6d45,spc_files/NH3 (139.98 ppm 191 c 0.5cm-1 MNB) 0.25mm bc -ice.spc,spc,NH3,139.98,191.0,511.0,False,train,
9c31adaf9ee5fdb23caddf9d28bd36007e79b729,"spc_files/NH3 (15.5 ppm, 0.95 atm, 5.11m, 191C).spc",spc,NH3,15.5,191.0,511.0,False,train,
223872e3b4226cd7ae6e0c5f71cc8c7732384555,spc_files/NH3 (150.63 ppm 191 c 0.5cm-1 MNB) 0.25mm bc -ice.spc,spc,NH3,150.63,191.0,511.0,False,val,
851e16e14a225fca0f4f50d66980574932d0b8c6,spc_files/NH3 (1500.68 ppm 191 c 0.5cm-1 MNB) 0.25mm bc -ice.spc,spc,NH3,1500.68,191.0,511.0,False,val,
8c38c9f742f0d1968b1e2432b297c13423033866,spc_files/NH3 (159.76 ppm 191 c 0.5cm-1 MNB) 0.25mm bc -ice.spc,spc,NH3,159.76,191.0,511.0,False,train,
1e419a3b52c83527efffdbd38980cfc746bb0882,"spc_files/NH3 (16.3 ppm, 5.11m, 191C).spc",spc,NH3,16.3,191.0,511.0,False,train,
fc3ac70daa79a56ffcf2f2c8d7d801428bc747c0,"spc_files/NH3 (163.1 ppm, 5.11m, 191C).spc",spc,NH3,163.1,191.0,511.0,False,train,
90bf9c8deea70da12aa0211fe84e830a8b5d983a,"spc_files/NH3 (18.32 ppm, 0.95 atm, 5.11m, 191C).spc",spc,NH3,18.32,191.0,511.0,False,test,
57eb674354e41cdc0e6c79efa2f8fdbf457e451a,spc_files/NH3 (180.30 ppm 191 c 0.5cm-1 MNB) 0.25mm bc -ice.spc,spc,NH3,180.3,191.0,511.0,False,test,
7e0086fdeef6546a9c636148f377adcac7872bfa,spc_files/NH3 (1800.81 ppm 191 c 0.5cm-1 MNB) 0.25mm bc -ice.spc,spc,NH3,1800.81,191.0,511.0,False,train,
1fa23863aefd07b19fa1be96ef08febb607e8ee9,"spc_files/NH3 (186.4 ppm, 5.11m, 191C).spc",spc,NH3,186.4,191.0,511.0,False,train,
f6a5f0b3e2ee21bb306cca66c46c36bf10378720,spc_files/NH3 (19.78 ppm 191 c 0.5cm-1 MNB) 0.25mm bc -640 -ice.spc,spc,NH3,19.78,191.0,511.0,False,train,
460452bb910fee9829eb3c99728e49fb6e55562d,spc_files/NH3 (200.09 ppm (2942 cyl) 200.09 ppm 191 c 0.5cm-1 MNB) 0.25mm bc -ice.spc,spc,NH3,200.09,191.0,511.0,False,train,
39debdb8dfd9d9609dc451e4b0948585271037e9,"spc_files/NH3 (209.8 ppm, 5.11m, 191C).spc",spc,NH3,209.8,191.0,511.0,False,train,
f9cd3a65070ab8c0db10138d66485d4adac08950,spc_files/NH3 (2099.47 ppm 191 c 0.5cm-1 MNB) 0.25mm bc -ice.spc,spc,NH3,2099.47,191.0,511.0,False,train,
a72b0d6ce2f8beb42f1ce694a049dab81b1fd06a,"spc_files/NH3 (21.1 ppm, 0.95 atm, 5.11m, 191C).spc",spc,NH3,21.1,191.0,511.0,False,val,
c341ac5a4edc07a2322bbf01def2211cb0d025e0,spc_files/NH3 (210.73 ppm 191 c 0.5cm-1 MNB) 0.25mm bc -ice.spc,spc,NH3,210.73,191.0,511.0,False,train,
9b4e3749029ce1fa7dd4f0e79c7ff84aa958784d,"spc_files/NH3 (23.3 ppm, 5.11m, 191C).spc",spc,NH3,23.3,191.0,511.0,False,test,
767fb62f09a3d99d782cbcc8982fcb5327a68218,"spc_files/NH3 (232.9 ppm, 5.11m, 191C).spc",spc,NH3,232.9,191.0,511.0,False,train,
52a971540d685dc54a9e6495a5f8eb068950516d,spc_files/NH3 (239.64 ppm 191 c 0.5cm-1 MNB) 0.25mm bc -ice.spc,spc,NH3,239.64,191.0,511.0,False,val,
d8d327901ea5f3c497ef5f175d588d82850129bf,spc_files/NH3 (2401.08 ppm 191 c 0.5cm-1 MNB) 0.25mm bc -ice.spc,spc,NH3,2401.08,191.0,511.0,False,train,
838579ddc4dbe01503be4d3d040822dbfb7f88c0,spc_files/NH3 (2699.74 ppm 191 c 0.5cm-1 MNB) 0.25mm bc -ice.spc,spc,NH3,2699.74,191.0,511.0,False,test,
6d88993c9ac89048becd42a1d1fea3bb602cdab6,spc_files/NH3 (270.07 ppm 191 c 0.5cm-1 MNB) 0.25mm bc -ice.spc,spc,NH3,270.07,191.0,511.0,False,test,
f37b284e6dd60f8a08a8b75254d2b6dfa6e77b90,spc_files/NH3 (2942.50 ppm 191 c 0.5cm-1 MNB) 0.25mm - 1 bc.spc,spc,NH3,2942.5,191.0,511.0,False,train,
e6a26401693634f971c8b662e82b1704d6d3fbf0,spc_files/NH3 (30.43 ppm 191 c 0.5cm-1 MNB) 0.25mm bc -640 -ice.spc,spc,NH3,30.43,191.0,511.0,False,train,
669e06ff73909b99b75f5b868f0769e18a228d6b,spc_files/NH3 (300.14 ppm (2942 cyl) 191 c 0.5cm-1 MNB) 0.25mm bc -ice.spc,spc,NH3,300.14,191.0,511.0,False,train,
8e2eb77ae46ed05bf15076c1da669439bcddb167,spc_files/NH3 (39.56 ppm 191 c 0.5cm-1 MNB) 0.25mm bc -640 -ice.spc,spc,NH3,39.56,191.0,511.0,False,val,
d58e02acb65876dea1b1f7bb46fa80b71d98ef4e,spc_files/NH3 (400.18 ppm 191 c 0.5cm-1 MNB) 0.25mm bc -ice.spc,spc,NH3,400.18,191.0,511.0,False,train,
551759fc3574c03a839738c2a93c54fc226fabdf,"spc_files/NH3 (46.6 ppm, 5.11m, 191C).spc",spc,NH3,46.6,191.0,511.0,False,train,
e5d3ba148f141fbcc2e760ce4d22e680e22bf4ca,spc_files/NH3 (50.21 ppm 191 c 0.5cm-1 MNB) 0.25mm bc -640 -ice.spc,spc,NH3,50.21,191.0,511.0,False,test,
92b8dd33b28e81cedb46347c0bff973bc065fc8e,spc_files/NH3 (502.0 ppm cyl 191 c 0.5cm-1 MNB) 0.25mm bc.spc,spc,NH3,502.0,191.0,511.0,False,train,
c57277c17758b46adc2ebd6a19b576a9325d5ccf,spc_files/NH3 (60.86 ppm 191 c 0.5cm-1 MNB) 0.25mm bc -640 -ice.spc,spc,NH3,60.86,191.0,511.0,False,train,
5b1b7ca52768f9f91fa82162a145a0d01dd44772,spc_files/NH3 (600.27 ppm 191 c 0.5cm-1 MNB) 0.25mm bc -ice.spc,spc,NH3,600.27,191.0,511.0,False,train,
8e6bcf116a970d387c296f1b8d3f04187e6c8550,"spc_files/NH3 (69.9 ppm, 5.11m, 191C).spc",spc,NH3,69.9,191.0,511.0,False,train,
e97eb58fb546ce4d46018ae1c3c70b30e3845dba,spc_files/NH3 (69.99 ppm 191 c 0.5cm-1 MNB) 0.25mm bc -640 -ice.spc,spc,NH3,69.99,191.0,511.0,False,train,
d83017eb41a8abb9adad998d9bf40387e820c01a,spc_files/NH3 (700.32 ppm 191 c 0.5cm-1 MNB) 0.25mm bc -ice.spc,spc,NH3,700.32,191.0,511.0,False,train,
f394b31d7a7e5728471f2cf749e03d2f342a4fe0,spc_files/NH3 (79.88 ppm 191 c 0.5cm-1 MNB) 0.25mm bc -640 -ice.spc,spc,NH3,79.88,191.0,511.0,False,train,
4eb4ad6b7397d50e09a38c7aa701ebde1e2764c5,spc_files/NH3 (800.36 ppm 191 c 0.5cm-1 MNB) 0.25mm bc -ice.spc,spc,NH3,800.36,191.0,511.0,False,train,
952bb128f30ce31140e75544006363fa15b2d7a8,spc_files/NH3 (90.53 ppm 191 c 0.5cm-1 MNB) 0.25mm bc -640 -ice.spc,spc,NH3,90.53,191.0,511.0,False,train,
81eb774e5d73fa3e9652798f267c32016f6d3317,spc_files/NH3 (900.41 ppm 191 c 0.5cm-1 MNB) 0.25mm bc -ice.spc,spc,NH3,900.41,191.0,511.0,False,train,
577bfc70a14844ba3228d7377478c1995949a93a,"spc_files/NH3 (93.2 ppm, 5.11m, 191C).spc",spc,NH3,93.2,191.0,511.0,False,train,
ccee4722e251f0abec611eade75c7d5fc4fd5aad,"spc_files/NO (  18.6ppm adj, 5.11m, 190C).spc",spc,NO,18.6,190.0,511.0,False,train,
c961f5354795656cf929c311d9be496be677f145,"spc_files/NO (  18.6ppm adj, 5.11m, 190C)_1.spc",spc,NO,18.6,190.0,511.0,False,test,
79e2bdf68a63e335538383583054fa337ec9620b,"spc_files/NO (  37.6ppm adj, 5.11m, 190C).spc",spc,NO,37.6,190.0,511.0,False,train,
aa78510c8642e19acbc1bca4872280345c2e4c17,"spc_files/NO (  37.6ppm adj, 5.11m, 190C)_1.spc",spc,NO,37.6,190.0,511.0,False,train,
4b02d8ca19ac2b5e50c7cf6917faf6dd25ef456d,"spc_files/NO (  56.7ppm adj, 5.11m, 190C).spc",spc,NO,56.7,190.0,511.0,False,test,
3b175d618518192c383d32fe86377733e293d70a,"spc_files/NO (  56.7ppm adj, 5.11m, 190C)_1.spc",spc,NO,56.7,190.0,511.0,False,train,
fc56099ef1ae8367c4ad146735d51be8cdd09114,"spc_files/NO (  76ppm adj, 5.11m, 190C).spc",spc,NO,76.0,190.0,511.0,False,train,
342bb35571555aabd7117b341cab66090fa06892,"spc_files/NO (  76ppm adj, 5.11m, 190C)_1.spc",spc,NO,76.0,190.0,511.0,False,train,
67ec66ba96d67a560f6a3544ff3587afdff57988,"spc_files/NO (  95.2ppm adj, 5.11m, 190C).spc",spc,NO,95.2,190.0,511.0,False,test,
1a1e86c403668615b4de69d0b58607cb604eda14,"spc_files/NO (  95.2ppm adj, 5.11m, 190C)_1.spc",spc,NO,95.2,190.0,511.0,False,train,
68adf15df1fafa7fd5dd2d069d9e0726398214ec,"spc_files/NO ( 189.2ppm adj, 5.11m, 190C).spc",spc,NO,189.2,190.0,511.0,False,train,
565403b813f4fe067b4a8d470a24683b544269f7,"spc_files/NO ( 189.2ppm adj, 5.11m, 190C)_1.spc",spc,NO,189.2,190.0,511.0,False,train,
af80be8a4d601b1b58ec99906dbf236b8bf19dda,"spc_files/NO ( 284.9ppm adj, 5.11m, 190C).spc",spc,NO,284.9,190.0,511.0,False,train,
516e2372b79bc4256ec6a9449462d156ca5c190a,"spc_files/NO ( 284.9ppm adj, 5.11m, 190C)_1.spc",spc,NO,284.9,190.0,511.0,False,train,
bd9560660212a118ccf8e31ef13f0b0b0df1024e,"spc_files/NO ( 380ppm adj, 5.11m, 190C).spc",spc,NO,380.0,190.0,511.0,False,train,
fc66bb4d5c793d8ab18678c5155ca6578a4abfcb,"spc_files/NO ( 380ppm adj, 5.11m, 190C)_1.spc",spc,NO,380.0,190.0,511.0,False,train,
64592bbd459920b0f0939917342c1bf79fda7f26,"spc_files/NO ( 476.9.1ppm adj, 5.11m, 190C).spc",spc,NO,9.1,190.0,511.0,False,train,
4da98f3671d38af21084e8dce05498258c405f22,"spc_files/NO ( 476.9.1ppm adj, 5.11m, 190C)_1.spc",spc,NO,9.1,190.0,511.0,False,val,
bbfb6b1470aceb5720d1eab95c3080aaf4f37004,"spc_files/NO (1081.5ppm adj, 5.11m, 191C).spc",spc,NO,1081.5,191.0,511.0,False,test,
03d966e3e8bdedf493992c0aa638aaca48c6230b,"spc_files/NO (1081.5ppm adj, 5.11m, 191C)_1.spc",spc,NO,1081.5,191.0,511.0,False,val,
969eb8c4a4becdc7bad755787838104b72e817e8,"spc_files/NO (1356ppm adj, 5.11m, 191C).spc",spc,NO,1356.0,191.0,511.0,False,test,
1e6feea364df20d19329e70b20f6a0700f3be6cd,"spc_files/NO (1356ppm adj, 5.11m, 191C)_1.spc",spc,NO,1356.0,191.0,511.0,False,val,
9c6456109dbf93817927cb4aa960544933a68ac3,"spc_files/NO (1629ppm adj, 5.11m, 191C).spc",spc,NO,1629.0,191.0,511.0,False,val,
23db7c69a6aa3467dfe9d1ec1fab2d561d5d7b85,"spc_files/NO (1629ppm adj, 5.11m, 191C)_1.spc",spc,NO,1629.0,191.0,511.0,False,train,
9f1df904f693cbdbde5d40529affbf22af166155,"spc_files/NO (1911.1ppm adj, 5.11m, 191C).spc",spc,NO,1911.1,191.0,511.0,False,train,
c875e64bec759c49f999a41ee5fdccc8c472f4d6,"spc_files/NO (1911.1ppm adj, 5.11m, 191C)_1.spc",spc,NO,1911.1,191.0,511.0,False,val,
9c25e22c962a5f34511b9ed0c6de2a4fd8fb7550,"spc_files/NO (2208.1ppm adj, 5.11m, 191C).spc",spc,NO,2208.1,191.0,511.0,False,val,
9af1348daabcba35345e070ca107590cd4326124,"spc_files/NO (2208.1ppm adj, 5.11m, 191C)_1.spc",spc,NO,2208.1,191.0,511.0,False,train,
ee0e54b3da79353dd88d76ae2dae489b4be47cd5,"spc_files/NO (2491.5ppm adj, 5.11m, 191C).spc",spc,NO,2491.5,191.0,511.0,False,val,
85c02722f55ad7c4669f9a95c7a98ee3ee8140fa,"spc_files/NO (2491.5ppm adj, 5.11m, 191C)_1.spc",spc,NO,2491.5,191.0,511.0,False,train,
4f4644954af6ea4a20067169e6347d27e118cbd9,"spc_files/NO (268.5ppm adj, 5.11m, 191C).spc",spc,NO,268.5,191.0,511.0,False,train,
b60f360b0178d8aa91ea753c679410f12e9eff32,"spc_files/NO (268.5ppm adj, 5.11m, 191C)_1.spc",spc,NO,268.5,191.0,511.0,False,train,
b69a025eb3e255ef5245752ecb44a0a381f3c82a,"spc_files/NO (2795ppm, 5.11m, 191C).spc",spc,NO,2795.0,191.0,511.0,False,train,
e2d089c8258c77ec998084fd3e6e86d14bf736a0,"spc_files/NO (2795ppm, 5.11m, 191C)_1.spc",spc,NO,2795.0,191.0,511.0,False,train,
7c4fe574028ca19f28cf245b2a5ba3fc9a2d5b84,"spc_files/NO (537ppm adj, 5.11m, 191C).spc",spc,NO,537.0,191.0,511.0,False,train,
e32091c603d466e3e3ecac898814b59764001005,"spc_files/NO (537ppm adj, 5.11m, 191C)_1.spc",spc,NO,537.0,191.0,511.0,False,train,
f26ea85d62fc74d3fae96d71cca8e39cea245523,"spc_files/NO (808.7ppm adj, 5.11m, 191C).spc",spc,NO,808.7,191.0,511.0,False,train,
d1add06cbda3b5159d0b1f94c3ac693f00f79c2e,"spc_files/NO (808.7ppm adj, 5.11m, 191C)_1.spc",spc,NO,808.7,191.0,511.0,False,train,
a054d819d82cd1a2df2278c552e840c71e3b5922,"spc_files/Nitric Oxide High (  1020.00ppm, 5.11m, 190C).spc",spc,NO,1020.0,190.0,511.0,False,train,
bcfa9b4e5107499d573c1237ff71133dd8ba37f1,"spc_files/Nitric Oxide High (  2040.00ppm, 5.11m, 190C).spc",spc,NO,2040.0,190.0,511.0,False,train,
2e0f558726e13766bbcfaf81ef4a95f99171ec30,"spc_files/Nitric Oxide High (  3060.00ppm, 5.11m, 190C).spc",spc,NO,3060.0,190.0,511.0,False,train,
8838ac8f3fe94781268d2f6ff2a41504e9537d6c,"spc_files/Nitric Oxide High (  4080.00ppm, 5.11m, 190C).spc",spc,NO,4080.0,190.0,511.0,False,train,
d75a296b8a89bcfd3295f97cd16e908d2d90e7be,"spc_files/Nitric Oxide High (  5100.00ppm, 5.11m, 190C).spc",spc,NO,5100.0,190.0,511.0,False,train,
c9215dde83ddf0d222272dcac9dc935b3d3f9f71,"spc_files/Nitric Oxide High (  6120.00ppm, 5.11m, 190C).spc",spc,NO,6120.0,190.0,511.0,False,train,
b893ff2a19212e6a7d75e1588b3423d497df2cd5,"spc_files/Nitric Oxide High (  7140.00ppm, 5.11m, 190C).spc",spc,NO,7140.0,190.0,511.0,False,test,
9091f20dc198fe5b5793f9ec8187b599832751b9,"spc_files/Nitric Oxide High (  8160.00ppm, 5.11m, 190C).spc",spc,NO,8160.0,190.0,511.0,False,test,
4260b597821d6302675a00bd9c93efc27ad18739,"spc_files/Nitric Oxide High (  9180.00ppm, 5.11m, 190C).spc",spc,NO,9180.0,190.0,511.0,False,train,
663ce1fa78b020a01cf20b02eb261bec3688b62f,"spc_files/Nitric Oxide High ( 10200.00ppm, 5.11m, 190C).spc",spc,NO,10200.0,190.0,511.0,False,train,
5dfdf72c1bd826daf6a7601096b43dfd55ab55ec,"spc_files/NO2 ( 102.06PPM, 5.11M, 191C) -HNO3 -CH4 BC.spc",spc,NO2,102.06,191.0,511.0,False,train,
8c5b5cf61ae171411437de910130eff2393e6336,"spc_files/NO2 ( 1041PPM ADJ, 5.11M, 191C) -HNO3 -CH4 BC.spc",spc,NO2,1041.0,191.0,511.0,False,train,
6c5c4052cd90d670950ee52099f6b0099ee896ab,"spc_files/NO2 ( 111.94PPM, 5.11M, 191C) -HNO3 -CH4 BC.spc",spc,NO2,111.94,191.0,511.0,False,train,
7930b637343dc2ba21e35428f3a83c4ba34f05e6,"spc_files/NO2 ( 1238PPM ADJ, 5.11M, 191C) -HNO3 -CH4 BC.spc",spc,NO2,1238.0,191.0,511.0,False,train,
ddd65549fa09dc5435aa89c0d240b883273964d4,"spc_files/NO2 ( 124.56PPM, 5.11M, 191C) -HNO3 -CH4 BC.spc",spc,NO2,124.56,191.0,511.0,False,train,
1677508da5fbb99a7487f137975e59a48a691576,"spc_files/NO2 ( 134.71PPM, 5.11M, 191C) -HNO3 -CH4 BC.spc",spc,NO2,134.71,191.0,511.0,False,train,
ec30a10712d53aceaa63454c1e02d8e279f7974e,"spc_files/NO2 ( 1431.66PPM, 5.11M, 191C) -HNO3 -CH4 BC.spc",spc,NO2,1431.66,191.0,511.0,False,test,
6c8b3532a4a0689246f275183cc1aeafbb9fcbd1,"spc_files/NO2 ( 145.04PPM, 5.11M, 191C) -HNO3 -CH4 BC.spc",spc,NO2,145.04,191.0,511.0,False,train,
cdc588d1dc1f546c61ce66c541aa616b9bd6f683,"spc_files/NO2 ( 154.47PPM, 5.11M, 191C) -HNO3 -CH4 BC.spc",spc,NO2,154.47,191.0,511.0,False,val,
692e14bdde6037a3f3be8b037cd45de41d101072,"spc_files/NO2 ( 1625.52PPM, 5.11M, 191C) -HNO3 -CH4 BC.spc",spc,NO2,1625.52,191.0,511.0,False,val,
ef1f3950f708101e98e15630ae0e4ed7f7dbab56,"spc_files/NO2 ( 1819.81PPM, 5.11M, 191C) -HNO3 -CH4 BC.spc",spc,NO2,1819.81,191.0,511.0,False,train,
ddba5084829841c54daec9f4cb5178e1eabed5fb,"spc_files/NO2 ( 21.84PPM, 5.11M, 191C) -HNO3 -CH4 BC.spc",spc,NO2,21.84,191.0,511.0,False,train,
7d899f10ad3dbea311436e6e8ff59a9ce5e23d09,"spc_files/NO2 ( 218.11PPM, 5.11M, 191C) -HNO3 -CH4 BC.spc",spc,NO2,218.11,191.0,511.0,False,val,
31afcce356c0d4c4ef9609589fd3952d9d475e87,"spc_files/NO2 ( 32.69PPM, 5.11M, 191C) -HNO3 -CH4 BC.spc",spc,NO2,32.69,191.0,511.0,False,train,
3c9d9288f69d83d2411badc56efa7fd8897d6715,"spc_files/NO2 ( 326.67PPM, 5.11M, 191C) -HNO3 -CH4 BC.spc",spc,NO2,326.67,191.0,511.0,False,test,
122dd219bae3b78fe0ad308f82db688a484d9ed7,"spc_files/NO2 ( 429PPM ADJ, 5.11M, 191C) -HNO3 -CH4 BC.spc",spc,NO2,429.0,191.0,511.0,False,test,
01596a2c2c287e8772685de015de2c793bd4b8fe,"spc_files/NO2 ( 43.16PPM, 5.11M, 191C) -HNO3 -CH4 BC.spc",spc,NO2,43.16,191.0,511.0,False,train,
c3a46e605b66f9d2c635c61a04aa5ce572fe0850,"spc_files/NO2 ( 532PPM ADJ, 5.11M, 191C) -HNO3 -CH4 BC.spc",spc,NO2,532.0,191.0,511.0,False,val,
a93e76b0eb4d896045736ea2393d784f162bd601,"spc_files/NO2 ( 60.86PPM, 5.11M, 191C) -HNO3 -CH4 BC.spc",spc,NO2,60.86,191.0,511.0,False,train,
be3ad652a83bab9b594da0e18f7c24a99436e3e5,"spc_files/NO2 ( 634PPM ADJ, 5.11M, 191C) -HNO3 -CH4 BC.spc",spc,NO2,634.0,191.0,511.0,False,train,
7d4a0f785934b26f24f40efc3bf8b3ff2ccda23e,"spc_files/NO2 ( 70.84PPM, 5.11M, 191C) -HNO3 -CH4 BC.spc",spc,NO2,70.84,191.0,511.0,False,train,
88a521aee312eab4c2c5172cb9a6064d99fae911,"spc_files/NO2 ( 82.03PPM, 5.11M, 191C) -HNO3 -CH4 BC.spc",spc,NO2,82.03,191.0,511.0,False,train,
2b59a8b8b52742e6888babe91b2b72a2786f89fb,"spc_files/NO2 ( 841PPM ADJ, 5.11M, 191C) -HNO3 -CH4 BC.spc",spc,NO2,841.0,191.0,511.0,False,train,
4bc26681ed95f4eed3271ce3a51adebb7f1d2824,"spc_files/NO2 ( 92.25PPM, 5.11M, 191C) -HNO3 -CH4 BC.spc",spc,NO2,92.25,191.0,511.0,False,train,
0cd365ed73e759670c2a934423589899de9a14f0,"spc_files/NOxP (20.74ppm 5.11m, 191C).spc",spc,NOxP,20.74,191.0,511.0,True,staging,
